-- MySQL dump 10.13  Distrib 5.5.57, for debian-linux-gnu (x86_64)
--
-- Host: localhost    Database: lokanthali_clinic
-- ------------------------------------------------------
-- Server version	5.5.57-0ubuntu0.14.04.1

/*!40101 SET @OLD_CHARACTER_SET_CLIENT=@@CHARACTER_SET_CLIENT */;
/*!40101 SET @OLD_CHARACTER_SET_RESULTS=@@CHARACTER_SET_RESULTS */;
/*!40101 SET @OLD_COLLATION_CONNECTION=@@COLLATION_CONNECTION */;
/*!40101 SET NAMES utf8 */;
/*!40103 SET @OLD_TIME_ZONE=@@TIME_ZONE */;
/*!40103 SET TIME_ZONE='+00:00' */;
/*!40014 SET @OLD_UNIQUE_CHECKS=@@UNIQUE_CHECKS, UNIQUE_CHECKS=0 */;
/*!40014 SET @OLD_FOREIGN_KEY_CHECKS=@@FOREIGN_KEY_CHECKS, FOREIGN_KEY_CHECKS=0 */;
/*!40101 SET @OLD_SQL_MODE=@@SQL_MODE, SQL_MODE='NO_AUTO_VALUE_ON_ZERO' */;
/*!40111 SET @OLD_SQL_NOTES=@@SQL_NOTES, SQL_NOTES=0 */;

--
-- Table structure for table `appointments`
--

DROP TABLE IF EXISTS `appointments`;
/*!40101 SET @saved_cs_client     = @@character_set_client */;
/*!40101 SET character_set_client = utf8 */;
CREATE TABLE `appointments` (
  `id` int(10) unsigned NOT NULL AUTO_INCREMENT,
  `name` varchar(191) COLLATE utf8mb4_unicode_ci NOT NULL,
  `description` varchar(191) COLLATE utf8mb4_unicode_ci DEFAULT NULL,
  `time` varchar(191) COLLATE utf8mb4_unicode_ci DEFAULT NULL,
  `appointment_date` timestamp NULL DEFAULT NULL,
  `status` tinyint(1) NOT NULL DEFAULT '0',
  `patient_id` int(10) unsigned NOT NULL,
  `doctor_id` int(10) unsigned NOT NULL,
  `created_at` timestamp NULL DEFAULT NULL,
  `updated_at` timestamp NULL DEFAULT NULL,
  `deleted_at` timestamp NULL DEFAULT NULL,
  PRIMARY KEY (`id`),
  KEY `appointments_patient_id_foreign` (`patient_id`),
  KEY `appointments_doctor_id_foreign` (`doctor_id`)
) ENGINE=InnoDB AUTO_INCREMENT=5 DEFAULT CHARSET=utf8mb4 COLLATE=utf8mb4_unicode_ci;
/*!40101 SET character_set_client = @saved_cs_client */;

--
-- Dumping data for table `appointments`
--

LOCK TABLES `appointments` WRITE;
/*!40000 ALTER TABLE `appointments` DISABLE KEYS */;
INSERT INTO `appointments` VALUES (1,'manmnohan opd',NULL,'Sunday 12:00 AM-05:30 AM','2017-07-23 22:00:00',1,42,1,'2017-07-24 01:14:14','2017-07-24 01:17:57',NULL),(2,'THALJKD',NULL,'Monday 12:00 AM-05:30 AM','2017-07-23 22:00:00',1,42,1,'2017-07-24 01:18:34','2017-07-24 01:22:16',NULL),(3,'BISHWO',NULL,'Sunday 06:00 AM-06:00 PM','2017-07-23 22:00:00',1,43,1,'2017-07-24 01:36:49','2017-07-24 01:37:24',NULL),(4,'bimala',NULL,'Monday 06:00 AM-06:00 PM','2017-07-23 22:00:00',1,7,1,'2017-07-24 02:32:26','2017-07-24 02:32:42',NULL);
/*!40000 ALTER TABLE `appointments` ENABLE KEYS */;
UNLOCK TABLES;

--
-- Table structure for table `departments`
--

DROP TABLE IF EXISTS `departments`;
/*!40101 SET @saved_cs_client     = @@character_set_client */;
/*!40101 SET character_set_client = utf8 */;
CREATE TABLE `departments` (
  `id` int(10) unsigned NOT NULL AUTO_INCREMENT,
  `name` varchar(191) COLLATE utf8mb4_unicode_ci NOT NULL,
  `created_at` timestamp NULL DEFAULT NULL,
  `updated_at` timestamp NULL DEFAULT NULL,
  `deleted_at` timestamp NULL DEFAULT NULL,
  PRIMARY KEY (`id`)
) ENGINE=InnoDB AUTO_INCREMENT=21 DEFAULT CHARSET=utf8mb4 COLLATE=utf8mb4_unicode_ci;
/*!40101 SET character_set_client = @saved_cs_client */;

--
-- Dumping data for table `departments`
--

LOCK TABLES `departments` WRITE;
/*!40000 ALTER TABLE `departments` DISABLE KEYS */;
INSERT INTO `departments` VALUES (1,'Hematology','2017-06-02 03:30:33','2017-06-02 03:30:33',NULL),(2,'Bio-Chemistry','2017-06-02 03:30:50','2017-06-02 03:30:50',NULL),(3,'Parasitology','2017-06-02 03:31:43','2017-06-02 03:31:43',NULL),(4,'Microbiology','2017-06-02 03:31:55','2017-06-02 03:31:55',NULL),(5,'Immunology/Serology','2017-06-02 03:32:25','2017-06-02 03:32:25',NULL),(6,'Histopathology','2017-06-02 03:32:36','2017-06-02 03:55:39',NULL),(7,'Cytology','2017-06-02 03:32:49','2017-06-02 03:32:49',NULL),(8,'ENT','2017-06-02 03:32:55','2017-06-02 03:32:55',NULL),(9,'Paediatrics','2017-06-02 03:34:53','2017-06-02 03:34:53',NULL),(10,'USG','2017-06-02 03:35:04','2017-06-02 03:35:04',NULL),(11,'Sermotology','2017-06-02 03:35:14','2017-06-02 03:35:14',NULL),(12,'ECG','2017-06-02 03:35:26','2017-06-02 03:35:26',NULL),(13,'Psychiatry','2017-06-02 03:35:49','2017-06-02 03:35:49',NULL),(14,'General Health Checkup Plan','2017-06-02 03:36:12','2017-06-02 03:36:12',NULL),(15,'Follow up','2017-06-02 03:36:22','2017-06-02 03:36:22',NULL),(16,'Pediatrics','2017-06-02 03:36:37','2017-06-02 03:36:37',NULL),(17,'Endocrinology','2017-07-24 01:21:12','2017-07-24 01:21:12',NULL),(18,'Internal Medicine','2017-07-24 01:33:35','2017-07-24 01:33:35',NULL),(19,'Neuro Psychiatry','2017-07-24 01:33:53','2017-07-24 01:33:53',NULL),(20,'Gynaecologist','2017-07-24 01:34:18','2017-07-24 01:34:18',NULL);
/*!40000 ALTER TABLE `departments` ENABLE KEYS */;
UNLOCK TABLES;

--
-- Table structure for table `doctor_referreds`
--

DROP TABLE IF EXISTS `doctor_referreds`;
/*!40101 SET @saved_cs_client     = @@character_set_client */;
/*!40101 SET character_set_client = utf8 */;
CREATE TABLE `doctor_referreds` (
  `id` int(10) unsigned NOT NULL AUTO_INCREMENT,
  `doctor_id` int(10) unsigned NOT NULL,
  `invoice_id` int(10) unsigned NOT NULL,
  `created_at` timestamp NULL DEFAULT NULL,
  `updated_at` timestamp NULL DEFAULT NULL,
  `deleted_at` timestamp NULL DEFAULT NULL,
  PRIMARY KEY (`id`),
  KEY `doctor_referreds_doctor_id_foreign` (`doctor_id`),
  KEY `doctor_referreds_invoice_id_foreign` (`invoice_id`)
) ENGINE=InnoDB DEFAULT CHARSET=utf8mb4 COLLATE=utf8mb4_unicode_ci;
/*!40101 SET character_set_client = @saved_cs_client */;

--
-- Dumping data for table `doctor_referreds`
--

LOCK TABLES `doctor_referreds` WRITE;
/*!40000 ALTER TABLE `doctor_referreds` DISABLE KEYS */;
/*!40000 ALTER TABLE `doctor_referreds` ENABLE KEYS */;
UNLOCK TABLES;

--
-- Table structure for table `doctors`
--

DROP TABLE IF EXISTS `doctors`;
/*!40101 SET @saved_cs_client     = @@character_set_client */;
/*!40101 SET character_set_client = utf8 */;
CREATE TABLE `doctors` (
  `id` int(10) unsigned NOT NULL AUTO_INCREMENT,
  `employee_id` int(10) unsigned NOT NULL,
  `fee` double(8,2) NOT NULL,
  `opd_charge` double(8,2) NOT NULL,
  `created_at` timestamp NULL DEFAULT NULL,
  `updated_at` timestamp NULL DEFAULT NULL,
  `deleted_at` timestamp NULL DEFAULT NULL,
  PRIMARY KEY (`id`),
  KEY `doctors_employee_id_foreign` (`employee_id`)
) ENGINE=InnoDB AUTO_INCREMENT=2 DEFAULT CHARSET=utf8mb4 COLLATE=utf8mb4_unicode_ci;
/*!40101 SET character_set_client = @saved_cs_client */;

--
-- Dumping data for table `doctors`
--

LOCK TABLES `doctors` WRITE;
/*!40000 ALTER TABLE `doctors` DISABLE KEYS */;
INSERT INTO `doctors` VALUES (1,1,150.00,250.00,'2017-07-24 01:12:50','2017-07-24 01:12:50',NULL);
/*!40000 ALTER TABLE `doctors` ENABLE KEYS */;
UNLOCK TABLES;

--
-- Table structure for table `employees`
--

DROP TABLE IF EXISTS `employees`;
/*!40101 SET @saved_cs_client     = @@character_set_client */;
/*!40101 SET character_set_client = utf8 */;
CREATE TABLE `employees` (
  `id` int(10) unsigned NOT NULL AUTO_INCREMENT,
  `first_name` varchar(191) COLLATE utf8mb4_unicode_ci NOT NULL,
  `middle_name` varchar(191) COLLATE utf8mb4_unicode_ci DEFAULT NULL,
  `last_name` varchar(191) COLLATE utf8mb4_unicode_ci NOT NULL,
  `email` varchar(191) COLLATE utf8mb4_unicode_ci DEFAULT NULL,
  `address` varchar(191) COLLATE utf8mb4_unicode_ci NOT NULL,
  `phone` varchar(191) COLLATE utf8mb4_unicode_ci NOT NULL,
  `education` varchar(191) COLLATE utf8mb4_unicode_ci DEFAULT NULL,
  `description` varchar(191) COLLATE utf8mb4_unicode_ci DEFAULT NULL,
  `certificate` varchar(191) COLLATE utf8mb4_unicode_ci DEFAULT NULL,
  `speciality` varchar(191) COLLATE utf8mb4_unicode_ci DEFAULT NULL,
  `working_day` varchar(191) COLLATE utf8mb4_unicode_ci DEFAULT NULL,
  `in_time` varchar(191) COLLATE utf8mb4_unicode_ci DEFAULT NULL,
  `out_time` varchar(191) COLLATE utf8mb4_unicode_ci DEFAULT NULL,
  `type` varchar(191) COLLATE utf8mb4_unicode_ci DEFAULT NULL,
  `department_id` int(10) unsigned NOT NULL,
  `created_at` timestamp NULL DEFAULT NULL,
  `updated_at` timestamp NULL DEFAULT NULL,
  `deleted_at` timestamp NULL DEFAULT NULL,
  PRIMARY KEY (`id`),
  KEY `employees_department_id_foreign` (`department_id`)
) ENGINE=InnoDB AUTO_INCREMENT=6 DEFAULT CHARSET=utf8mb4 COLLATE=utf8mb4_unicode_ci;
/*!40101 SET character_set_client = @saved_cs_client */;

--
-- Dumping data for table `employees`
--

LOCK TABLES `employees` WRITE;
/*!40000 ALTER TABLE `employees` DISABLE KEYS */;
INSERT INTO `employees` VALUES (1,'DR.Jiwan',NULL,'Poudel',NULL,'lokanthali','9851226743','MBBS,MD',NULL,'MBBS,MD',NULL,'Sunday,Monday,Tuesday,Wednesday,Thursday,Friday,Saturday','06:00 AM','06:00 PM','Doctor',18,'2017-07-24 01:11:10','2017-07-24 01:42:04',NULL),(2,'DR.Bajarang','Kumar','Rauniyar',NULL,'kathmandu','9851116091','MD,MBBS',NULL,'MD,MBBS',NULL,'Sunday,Monday,Tuesday,Wednesday,Thursday,Friday,Saturday','06:00 AM','06:00 PM','Doctor',17,'2017-07-24 01:23:38','2017-07-24 01:42:15',NULL),(3,'DR.Chandan',NULL,'Baranwal',NULL,'Lokanthali','9851170796',NULL,NULL,'MBBS,MD',NULL,'Sunday,Monday,Tuesday,Wednesday,Thursday,Friday,Saturday','06:00 AM','06:00 PM','Doctor',8,'2017-07-24 01:37:41','2017-07-24 01:37:41',NULL),(4,'DR.Basudev',NULL,'Karki',NULL,'Lokanthali','0000000000',NULL,NULL,'MBBS,MD',NULL,'Sunday,Monday,Tuesday,Wednesday,Thursday,Friday,Saturday','06:00 AM','06:00 PM','Doctor',19,'2017-07-24 01:41:19','2017-07-24 01:42:28',NULL),(5,'DR.Reena',NULL,'Shrestha',NULL,'Lokanthali','9841528325',NULL,NULL,'MBBS,MD',NULL,'Sunday,Monday,Tuesday,Wednesday,Thursday,Friday,Saturday','06:00 AM','06:00 PM','Doctor',20,'2017-07-24 01:44:04','2017-07-24 01:44:04',NULL);
/*!40000 ALTER TABLE `employees` ENABLE KEYS */;
UNLOCK TABLES;

--
-- Table structure for table `examination_results`
--

DROP TABLE IF EXISTS `examination_results`;
/*!40101 SET @saved_cs_client     = @@character_set_client */;
/*!40101 SET character_set_client = utf8 */;
CREATE TABLE `examination_results` (
  `id` int(10) unsigned NOT NULL AUTO_INCREMENT,
  `test_report_id` int(10) unsigned NOT NULL,
  `macroscopic_result` varchar(191) COLLATE utf8mb4_unicode_ci NOT NULL,
  `microscopic_result` varchar(191) COLLATE utf8mb4_unicode_ci NOT NULL,
  `result` varchar(191) COLLATE utf8mb4_unicode_ci DEFAULT NULL,
  `created_at` timestamp NULL DEFAULT NULL,
  `updated_at` timestamp NULL DEFAULT NULL,
  PRIMARY KEY (`id`),
  KEY `examination_results_test_report_id_foreign` (`test_report_id`)
) ENGINE=InnoDB DEFAULT CHARSET=utf8mb4 COLLATE=utf8mb4_unicode_ci;
/*!40101 SET character_set_client = @saved_cs_client */;

--
-- Dumping data for table `examination_results`
--

LOCK TABLES `examination_results` WRITE;
/*!40000 ALTER TABLE `examination_results` DISABLE KEYS */;
/*!40000 ALTER TABLE `examination_results` ENABLE KEYS */;
UNLOCK TABLES;

--
-- Table structure for table `hospitals`
--

DROP TABLE IF EXISTS `hospitals`;
/*!40101 SET @saved_cs_client     = @@character_set_client */;
/*!40101 SET character_set_client = utf8 */;
CREATE TABLE `hospitals` (
  `id` int(10) unsigned NOT NULL AUTO_INCREMENT,
  `name` varchar(191) COLLATE utf8mb4_unicode_ci NOT NULL,
  `slogan` varchar(191) COLLATE utf8mb4_unicode_ci NOT NULL,
  `logo` varchar(191) COLLATE utf8mb4_unicode_ci NOT NULL,
  `address` varchar(191) COLLATE utf8mb4_unicode_ci NOT NULL,
  `contact` varchar(191) COLLATE utf8mb4_unicode_ci NOT NULL,
  `email` varchar(191) COLLATE utf8mb4_unicode_ci NOT NULL,
  `pan_no` varchar(191) COLLATE utf8mb4_unicode_ci NOT NULL,
  `registration_no` varchar(191) COLLATE utf8mb4_unicode_ci NOT NULL,
  `invoice_message` varchar(191) COLLATE utf8mb4_unicode_ci DEFAULT NULL,
  `website` varchar(191) COLLATE utf8mb4_unicode_ci DEFAULT NULL,
  `description` varchar(191) COLLATE utf8mb4_unicode_ci DEFAULT NULL,
  `invoice_prefix` varchar(191) COLLATE utf8mb4_unicode_ci NOT NULL DEFAULT 'LWC-',
  `patient_prefix` varchar(191) COLLATE utf8mb4_unicode_ci NOT NULL DEFAULT 'LWC-',
  `tax_type` varchar(191) COLLATE utf8mb4_unicode_ci NOT NULL,
  `tax_percent` int(11) NOT NULL,
  `deleted_at` timestamp NULL DEFAULT NULL,
  `created_at` timestamp NULL DEFAULT NULL,
  `updated_at` timestamp NULL DEFAULT NULL,
  PRIMARY KEY (`id`)
) ENGINE=InnoDB AUTO_INCREMENT=2 DEFAULT CHARSET=utf8mb4 COLLATE=utf8mb4_unicode_ci;
/*!40101 SET character_set_client = @saved_cs_client */;

--
-- Dumping data for table `hospitals`
--

LOCK TABLES `hospitals` WRITE;
/*!40000 ALTER TABLE `hospitals` DISABLE KEYS */;
INSERT INTO `hospitals` VALUES (1,'Lokanthali Welness Clinic','Enhancing Life, Excelling Incase...','uploads/logo.png','Lokanthali-1, Madhyapur Thimi, Bhaktpur,Nepal ','+9779860479432 ,+9779846288255','lwc2074@gmail.com','123','12345','Invoice','lwc.health.com','Our moto healty life.','LWC-','LWC-','Health Tax',5,NULL,NULL,NULL);
/*!40000 ALTER TABLE `hospitals` ENABLE KEYS */;
UNLOCK TABLES;

--
-- Table structure for table `invoice_returns`
--

DROP TABLE IF EXISTS `invoice_returns`;
/*!40101 SET @saved_cs_client     = @@character_set_client */;
/*!40101 SET character_set_client = utf8 */;
CREATE TABLE `invoice_returns` (
  `id` int(10) unsigned NOT NULL AUTO_INCREMENT,
  `invoice_id` int(10) unsigned NOT NULL,
  `return_amount` double(8,2) NOT NULL,
  `return_reason` varchar(191) COLLATE utf8mb4_unicode_ci DEFAULT NULL,
  `user_id` int(10) unsigned NOT NULL,
  `status` tinyint(1) NOT NULL DEFAULT '1',
  `created_at` timestamp NULL DEFAULT NULL,
  `updated_at` timestamp NULL DEFAULT NULL,
  `deleted_at` timestamp NULL DEFAULT NULL,
  PRIMARY KEY (`id`),
  KEY `invoice_returns_invoice_id_foreign` (`invoice_id`),
  KEY `invoice_returns_user_id_foreign` (`user_id`)
) ENGINE=InnoDB DEFAULT CHARSET=utf8mb4 COLLATE=utf8mb4_unicode_ci;
/*!40101 SET character_set_client = @saved_cs_client */;

--
-- Dumping data for table `invoice_returns`
--

LOCK TABLES `invoice_returns` WRITE;
/*!40000 ALTER TABLE `invoice_returns` DISABLE KEYS */;
/*!40000 ALTER TABLE `invoice_returns` ENABLE KEYS */;
UNLOCK TABLES;

--
-- Table structure for table `invoices`
--

DROP TABLE IF EXISTS `invoices`;
/*!40101 SET @saved_cs_client     = @@character_set_client */;
/*!40101 SET character_set_client = utf8 */;
CREATE TABLE `invoices` (
  `id` int(10) unsigned NOT NULL AUTO_INCREMENT,
  `user_id` int(10) unsigned NOT NULL,
  `invoice_no` varchar(191) COLLATE utf8mb4_unicode_ci DEFAULT NULL,
  `payment_type` varchar(191) COLLATE utf8mb4_unicode_ci NOT NULL DEFAULT 'Cash',
  `comment` varchar(191) COLLATE utf8mb4_unicode_ci DEFAULT NULL,
  `total_amount` double(8,2) NOT NULL,
  `sub_total` double(28,21) NOT NULL,
  `tax_amount` double(28,21) NOT NULL,
  `discount` double(8,2) DEFAULT NULL,
  `cash` double(8,2) DEFAULT NULL,
  `patient_id` int(10) unsigned NOT NULL,
  `status` tinyint(1) NOT NULL DEFAULT '1',
  `created_at` timestamp NULL DEFAULT NULL,
  `updated_at` timestamp NULL DEFAULT NULL,
  `deleted_at` timestamp NULL DEFAULT NULL,
  PRIMARY KEY (`id`),
  KEY `invoices_user_id_foreign` (`user_id`),
  KEY `invoices_patient_id_foreign` (`patient_id`)
) ENGINE=InnoDB AUTO_INCREMENT=3 DEFAULT CHARSET=utf8mb4 COLLATE=utf8mb4_unicode_ci;
/*!40101 SET character_set_client = @saved_cs_client */;

--
-- Dumping data for table `invoices`
--

LOCK TABLES `invoices` WRITE;
/*!40000 ALTER TABLE `invoices` DISABLE KEYS */;
INSERT INTO `invoices` VALUES (1,1,'LWC-1','Cash',NULL,210.00,200.000000000000000000000,10.000000000000000000000,NULL,250.00,4,1,'2017-07-27 15:00:35','2017-07-27 15:00:35',NULL),(2,1,'LWC-2','Cash',NULL,500.00,476.190000000000000000000,23.809500000000000000000,NULL,1000.00,5,1,'2017-07-29 08:37:52','2017-07-29 08:37:52',NULL);
/*!40000 ALTER TABLE `invoices` ENABLE KEYS */;
UNLOCK TABLES;

--
-- Table structure for table `migrations`
--

DROP TABLE IF EXISTS `migrations`;
/*!40101 SET @saved_cs_client     = @@character_set_client */;
/*!40101 SET character_set_client = utf8 */;
CREATE TABLE `migrations` (
  `id` int(10) unsigned NOT NULL AUTO_INCREMENT,
  `migration` varchar(191) COLLATE utf8mb4_unicode_ci NOT NULL,
  `batch` int(11) NOT NULL,
  PRIMARY KEY (`id`)
) ENGINE=InnoDB AUTO_INCREMENT=36 DEFAULT CHARSET=utf8mb4 COLLATE=utf8mb4_unicode_ci;
/*!40101 SET character_set_client = @saved_cs_client */;

--
-- Dumping data for table `migrations`
--

LOCK TABLES `migrations` WRITE;
/*!40000 ALTER TABLE `migrations` DISABLE KEYS */;
INSERT INTO `migrations` VALUES (1,'2013_05_03_144856_create_hospitals_table',1),(2,'2014_10_12_000000_create_users_table',1),(3,'2014_10_12_100000_create_password_resets_table',1),(4,'2016_09_04_000000_create_roles_table',1),(5,'2017_05_03_105229_create_departments_table',1),(6,'2017_05_03_108812_create_employees_table',1),(7,'2017_05_03_113257_create_doctors_table',1),(8,'2017_05_03_113812_create_services_table',1),(9,'2017_05_03_114713_create_patients_table',1),(10,'2017_05_03_144134_create_appointments_table',1),(11,'2017_05_07_103011_create_invoices_table',1),(12,'2017_05_07_103212_create_service_sales_table',1),(13,'2017_05_10_172506_create_temps_table',1),(14,'2017_05_12_115857_create_tests_table',1),(15,'2017_05_12_121150_create_test_references_table',1),(16,'2017_05_13_084837_create_test_test_reference_table',1),(17,'2017_05_13_160840_create_reports_table',1),(18,'2017_05_16_134531_create_opd_sales_table',1),(19,'2017_05_20_112840_create_test_reports_table',1),(20,'2017_05_21_065026_create_test_results_table',1),(21,'2017_05_26_141428_create_invoice_returns_table',1),(22,'2017_05_27_142501_create_doctor_referreds_table',1),(23,'2017_05_29_154917_create_packages_table',1),(24,'2017_05_29_155432_create_package_tests_table',1),(25,'2017_05_29_155748_create_package_sales_table',1),(26,'2017_06_13_061359_create_permission_role_table',1),(27,'2017_06_23_151525_create_reference_results_table',1),(28,'2017_06_23_153028_create_test_examinations_table',1),(29,'2017_06_23_155143_create_examination_results_table',1),(30,'2017_06_23_155601_create_test_antibiotics_table',1),(31,'2017_06_23_155702_create_test_test_antibiotic_table',1),(32,'2017_06_23_164519_create_permissions_table',1),(33,'2017_07_03_143253_create_test_stains_table',1),(34,'2017_07_04_164725_create_test_reference_results_table',1),(35,'2017_07_08_070551_create_test_antibiotic_results_table',1);
/*!40000 ALTER TABLE `migrations` ENABLE KEYS */;
UNLOCK TABLES;

--
-- Table structure for table `opd_sales`
--

DROP TABLE IF EXISTS `opd_sales`;
/*!40101 SET @saved_cs_client     = @@character_set_client */;
/*!40101 SET character_set_client = utf8 */;
CREATE TABLE `opd_sales` (
  `id` int(10) unsigned NOT NULL AUTO_INCREMENT,
  `opd_name` varchar(191) COLLATE utf8mb4_unicode_ci NOT NULL,
  `doctor_id` int(10) unsigned NOT NULL,
  `invoice_id` int(10) unsigned NOT NULL,
  `doctor_fee` double(8,4) NOT NULL,
  `opd_charge` double(8,5) NOT NULL,
  `status` tinyint(1) NOT NULL DEFAULT '0',
  `created_at` timestamp NULL DEFAULT NULL,
  `updated_at` timestamp NULL DEFAULT NULL,
  `deleted_at` timestamp NULL DEFAULT NULL,
  PRIMARY KEY (`id`),
  KEY `opd_sales_doctor_id_foreign` (`doctor_id`),
  KEY `opd_sales_invoice_id_foreign` (`invoice_id`)
) ENGINE=InnoDB DEFAULT CHARSET=utf8mb4 COLLATE=utf8mb4_unicode_ci;
/*!40101 SET character_set_client = @saved_cs_client */;

--
-- Dumping data for table `opd_sales`
--

LOCK TABLES `opd_sales` WRITE;
/*!40000 ALTER TABLE `opd_sales` DISABLE KEYS */;
/*!40000 ALTER TABLE `opd_sales` ENABLE KEYS */;
UNLOCK TABLES;

--
-- Table structure for table `package_sales`
--

DROP TABLE IF EXISTS `package_sales`;
/*!40101 SET @saved_cs_client     = @@character_set_client */;
/*!40101 SET character_set_client = utf8 */;
CREATE TABLE `package_sales` (
  `id` int(10) unsigned NOT NULL AUTO_INCREMENT,
  `package_id` int(10) unsigned NOT NULL,
  `invoice_id` int(10) unsigned NOT NULL,
  `patient_id` int(10) unsigned NOT NULL,
  `package_price` double(8,4) NOT NULL,
  `created_at` timestamp NULL DEFAULT NULL,
  `updated_at` timestamp NULL DEFAULT NULL,
  `deleted_at` timestamp NULL DEFAULT NULL,
  PRIMARY KEY (`id`),
  KEY `package_sales_package_id_foreign` (`package_id`),
  KEY `package_sales_invoice_id_foreign` (`invoice_id`),
  KEY `package_sales_patient_id_foreign` (`patient_id`)
) ENGINE=InnoDB DEFAULT CHARSET=utf8mb4 COLLATE=utf8mb4_unicode_ci;
/*!40101 SET character_set_client = @saved_cs_client */;

--
-- Dumping data for table `package_sales`
--

LOCK TABLES `package_sales` WRITE;
/*!40000 ALTER TABLE `package_sales` DISABLE KEYS */;
/*!40000 ALTER TABLE `package_sales` ENABLE KEYS */;
UNLOCK TABLES;

--
-- Table structure for table `package_tests`
--

DROP TABLE IF EXISTS `package_tests`;
/*!40101 SET @saved_cs_client     = @@character_set_client */;
/*!40101 SET character_set_client = utf8 */;
CREATE TABLE `package_tests` (
  `id` int(10) unsigned NOT NULL AUTO_INCREMENT,
  `package_id` int(10) unsigned NOT NULL,
  `test_id` int(10) unsigned NOT NULL,
  `created_at` timestamp NULL DEFAULT NULL,
  `updated_at` timestamp NULL DEFAULT NULL,
  `deleted_at` timestamp NULL DEFAULT NULL,
  PRIMARY KEY (`id`),
  KEY `package_tests_test_id_foreign` (`test_id`),
  KEY `package_tests_package_id_foreign` (`package_id`)
) ENGINE=InnoDB AUTO_INCREMENT=8 DEFAULT CHARSET=utf8mb4 COLLATE=utf8mb4_unicode_ci;
/*!40101 SET character_set_client = @saved_cs_client */;

--
-- Dumping data for table `package_tests`
--

LOCK TABLES `package_tests` WRITE;
/*!40000 ALTER TABLE `package_tests` DISABLE KEYS */;
INSERT INTO `package_tests` VALUES (1,1,1,'2017-07-15 12:35:07','2017-07-15 12:35:07',NULL),(2,1,9,'2017-07-15 12:35:07','2017-07-15 12:35:07',NULL),(3,1,33,'2017-07-15 12:35:07','2017-07-15 12:35:07',NULL),(4,1,34,'2017-07-15 12:35:07','2017-07-15 12:35:07',NULL),(5,1,52,'2017-07-15 12:35:07','2017-07-15 12:35:07',NULL),(6,1,80,'2017-07-15 12:35:07','2017-07-15 12:35:07',NULL),(7,1,164,'2017-07-15 12:35:07','2017-07-15 12:35:07',NULL);
/*!40000 ALTER TABLE `package_tests` ENABLE KEYS */;
UNLOCK TABLES;

--
-- Table structure for table `packages`
--

DROP TABLE IF EXISTS `packages`;
/*!40101 SET @saved_cs_client     = @@character_set_client */;
/*!40101 SET character_set_client = utf8 */;
CREATE TABLE `packages` (
  `id` int(10) unsigned NOT NULL AUTO_INCREMENT,
  `name` varchar(191) COLLATE utf8mb4_unicode_ci NOT NULL,
  `description` varchar(191) COLLATE utf8mb4_unicode_ci DEFAULT NULL,
  `price` double(8,4) NOT NULL,
  `created_at` timestamp NULL DEFAULT NULL,
  `updated_at` timestamp NULL DEFAULT NULL,
  `deleted_at` timestamp NULL DEFAULT NULL,
  PRIMARY KEY (`id`)
) ENGINE=InnoDB AUTO_INCREMENT=2 DEFAULT CHARSET=utf8mb4 COLLATE=utf8mb4_unicode_ci;
/*!40101 SET character_set_client = @saved_cs_client */;

--
-- Dumping data for table `packages`
--

LOCK TABLES `packages` WRITE;
/*!40000 ALTER TABLE `packages` DISABLE KEYS */;
INSERT INTO `packages` VALUES (1,'Basic health Care plan','Basic Health care plan',1000.0000,'2017-07-15 12:35:07','2017-07-15 12:35:07',NULL);
/*!40000 ALTER TABLE `packages` ENABLE KEYS */;
UNLOCK TABLES;

--
-- Table structure for table `password_resets`
--

DROP TABLE IF EXISTS `password_resets`;
/*!40101 SET @saved_cs_client     = @@character_set_client */;
/*!40101 SET character_set_client = utf8 */;
CREATE TABLE `password_resets` (
  `email` varchar(191) COLLATE utf8mb4_unicode_ci NOT NULL,
  `token` varchar(191) COLLATE utf8mb4_unicode_ci NOT NULL,
  `created_at` timestamp NULL DEFAULT NULL,
  KEY `password_resets_email_index` (`email`)
) ENGINE=InnoDB DEFAULT CHARSET=utf8mb4 COLLATE=utf8mb4_unicode_ci;
/*!40101 SET character_set_client = @saved_cs_client */;

--
-- Dumping data for table `password_resets`
--

LOCK TABLES `password_resets` WRITE;
/*!40000 ALTER TABLE `password_resets` DISABLE KEYS */;
/*!40000 ALTER TABLE `password_resets` ENABLE KEYS */;
UNLOCK TABLES;

--
-- Table structure for table `patients`
--

DROP TABLE IF EXISTS `patients`;
/*!40101 SET @saved_cs_client     = @@character_set_client */;
/*!40101 SET character_set_client = utf8 */;
CREATE TABLE `patients` (
  `id` int(10) unsigned NOT NULL AUTO_INCREMENT,
  `first_name` varchar(191) COLLATE utf8mb4_unicode_ci NOT NULL,
  `middle_name` varchar(191) COLLATE utf8mb4_unicode_ci DEFAULT NULL,
  `last_name` varchar(191) COLLATE utf8mb4_unicode_ci NOT NULL,
  `email` varchar(191) COLLATE utf8mb4_unicode_ci DEFAULT NULL,
  `age` int(11) NOT NULL,
  `phone` varchar(191) COLLATE utf8mb4_unicode_ci DEFAULT NULL,
  `gender` enum('Male','Female','Other') COLLATE utf8mb4_unicode_ci NOT NULL,
  `birth_date` varchar(191) COLLATE utf8mb4_unicode_ci DEFAULT NULL,
  `country` varchar(191) COLLATE utf8mb4_unicode_ci NOT NULL DEFAULT 'Nepal',
  `state` varchar(191) COLLATE utf8mb4_unicode_ci NOT NULL DEFAULT 'Bagmati',
  `district` varchar(191) COLLATE utf8mb4_unicode_ci NOT NULL DEFAULT 'Kathmandu',
  `location` varchar(191) COLLATE utf8mb4_unicode_ci DEFAULT NULL,
  `occupation` varchar(191) COLLATE utf8mb4_unicode_ci DEFAULT NULL,
  `description` varchar(191) COLLATE utf8mb4_unicode_ci DEFAULT NULL,
  `relative_name` varchar(191) COLLATE utf8mb4_unicode_ci DEFAULT NULL,
  `relative_phone` varchar(191) COLLATE utf8mb4_unicode_ci DEFAULT NULL,
  `marital_status` enum('single','married','other') COLLATE utf8mb4_unicode_ci NOT NULL,
  `blood_group` enum('A+','A-','B+','AB+','AB-','B-','O+','O-') COLLATE utf8mb4_unicode_ci DEFAULT NULL,
  `created_at` timestamp NULL DEFAULT NULL,
  `updated_at` timestamp NULL DEFAULT NULL,
  `deleted_at` timestamp NULL DEFAULT NULL,
  PRIMARY KEY (`id`)
) ENGINE=InnoDB AUTO_INCREMENT=63 DEFAULT CHARSET=utf8mb4 COLLATE=utf8mb4_unicode_ci;
/*!40101 SET character_set_client = @saved_cs_client */;

--
-- Dumping data for table `patients`
--

LOCK TABLES `patients` WRITE;
/*!40000 ALTER TABLE `patients` DISABLE KEYS */;
INSERT INTO `patients` VALUES (4,'Ambica',NULL,'Bam',NULL,57,'9868760353','Female',NULL,'Nepal','Bagmati','Bhaktapur','Kausaltar',NULL,'B.P. 140/80 mm of HG.',NULL,NULL,'married',NULL,'2017-06-04 15:52:45','2017-06-04 15:52:45',NULL),(5,'Radha',NULL,'Khadka',NULL,42,NULL,'Female',NULL,'Nepal','Bagmati','Kathmandu','Kausaltar',NULL,'B.P 110/80 MM hG',NULL,NULL,'married',NULL,'2017-06-04 15:54:30','2017-06-04 15:54:30',NULL),(6,'Achut',NULL,'Bhandari',NULL,35,NULL,'Male',NULL,'Nepal','Bagmati','Kathmandu','Tikathali.kathmandu',NULL,NULL,NULL,NULL,'married',NULL,'2017-06-04 16:02:58','2017-06-04 16:02:58',NULL),(7,'bimala',NULL,'singh',NULL,48,NULL,'Female',NULL,'Nepal','Bagmati','Bhaktapur','lokanthali',NULL,'100/80 mmHg',NULL,NULL,'married',NULL,'2017-06-04 16:32:36','2017-06-04 16:32:36',NULL),(8,'Madhav','Prasad','Ghimire',NULL,68,'9842028909','Male',NULL,'Nepal','Bagmati','Kathmandu','Balkot',NULL,'B.P. 130/90 mm of hg',NULL,NULL,'married',NULL,'2017-06-04 20:39:52','2017-06-04 20:39:52',NULL),(9,'Nitish',NULL,'Jonchhe',NULL,24,'9849129775','Male',NULL,'Nepal','Bagmati','Bhaktapur','Shrijana Nagar',NULL,'B.P. 110/70 mm of hg',NULL,NULL,'single',NULL,'2017-06-04 20:41:50','2017-06-04 20:54:13',NULL),(10,'Ram','Kumar','Thapa',NULL,52,'9841479225','Male',NULL,'Nepal','Bagmati','Kathmandu','Tikathali',NULL,'B.P. 120/90',NULL,NULL,'married',NULL,'2017-06-04 20:50:59','2017-06-04 20:50:59',NULL),(11,'Utsav',NULL,'Thapa',NULL,15,NULL,'Male',NULL,'Nepal','Bagmati','Kathmandu','Tikathali',NULL,NULL,NULL,NULL,'single',NULL,'2017-06-04 20:52:09','2017-06-04 20:52:09',NULL),(12,'Nani','Maya','Shrestha',NULL,44,'9860611010','Female',NULL,'Nepal','Bagmati','Kathmandu','Kausaltar',NULL,'B.P. 100/80',NULL,NULL,'married',NULL,'2017-06-04 20:53:18','2017-06-04 20:53:18',NULL),(13,'Rajendra',NULL,'Timilsina',NULL,27,NULL,'Male',NULL,'Nepal','Bagmati','Kathmandu','Pepsicola',NULL,'B.P. 120/70',NULL,NULL,'single',NULL,'2017-06-04 20:55:36','2017-06-04 20:55:36',NULL),(14,'Rojesh',NULL,'Thapa',NULL,27,'9846406789','Male',NULL,'Nepal','Bagmati','Kathmandu','Leli',NULL,'B.P. 100/80',NULL,NULL,'single',NULL,'2017-06-04 20:57:13','2017-06-04 20:57:13',NULL),(15,'Laba','Hari','Bhandari',NULL,42,'9843083703','Male',NULL,'Nepal','Bagmati','Kathmandu','Lokanthali',NULL,'B.P. 120/80',NULL,NULL,'married',NULL,'2017-06-04 20:58:08','2017-06-04 20:58:08',NULL),(16,'Shom','Prasad','Karki',NULL,44,'9841400264','Male',NULL,'Nepal','Bagmati','Kathmandu','Lokanthali',NULL,'B.P. 110/70',NULL,NULL,'married',NULL,'2017-06-04 20:58:59','2017-06-04 20:58:59',NULL),(17,'Sarada',NULL,'Thapa',NULL,36,'9841805320','Female',NULL,'Nepal','Bagmati','Kathmandu','Tikathali',NULL,'B.P. 120/90',NULL,NULL,'married',NULL,'2017-06-04 21:00:01','2017-06-04 21:00:01',NULL),(18,'Ambika',NULL,'Dahal',NULL,52,NULL,'Female',NULL,'Nepal','Bagmati','Kathmandu','Duwakot',NULL,'B.P. 130/80',NULL,NULL,'married',NULL,'2017-06-04 21:01:12','2017-06-04 21:01:12',NULL),(19,'Anil',NULL,'Bhandari',NULL,32,'9841805320','Male',NULL,'Nepal','Bagmati','Kathmandu','Tikathali',NULL,'B.P. 130/90',NULL,NULL,'married',NULL,'2017-06-04 21:02:35','2017-06-04 21:02:35',NULL),(20,'Anil',NULL,'Bhandari',NULL,32,'9841805320','Male',NULL,'Nepal','Bagmati','Kathmandu','Tikathali',NULL,'B.P. 130/90',NULL,NULL,'married',NULL,'2017-06-04 21:02:37','2017-06-04 21:02:37',NULL),(21,'Pabitra',NULL,'Subedi',NULL,30,'9849836650','Female',NULL,'Nepal','Bagmati','Kathmandu',NULL,NULL,'B.P. 110/70',NULL,NULL,'married',NULL,'2017-06-04 21:04:43','2017-06-04 21:04:43',NULL),(22,'Aasha',NULL,'Chaudhary',NULL,37,'9849947510','Female',NULL,'Nepal','Bagmati','Kathmandu','Manahara',NULL,'B.P. 100/70',NULL,NULL,'married',NULL,'2017-06-04 21:06:02','2017-06-04 21:06:02',NULL),(23,'Raj','Kumar','Chaudhary',NULL,27,'9818156253','Male',NULL,'Nepal','Bagmati','Kathmandu','Kausaltar',NULL,'B.P. 120/90',NULL,NULL,'married',NULL,'2017-06-04 21:08:55','2017-06-04 21:08:55',NULL),(24,'Indira',NULL,'Khadka',NULL,42,'9861727070','Female',NULL,'Nepal','Bagmati','Kathmandu','Gaurighat',NULL,'B.P. 120/80',NULL,NULL,'married',NULL,'2017-06-04 21:10:07','2017-06-04 21:10:07',NULL),(25,'Manju',NULL,'Pokharel',NULL,45,'9841313144','Female',NULL,'Nepal','Bagmati','Kathmandu','kausaltar',NULL,'B.P. 110/70',NULL,NULL,'married',NULL,'2017-06-04 21:11:16','2017-06-04 21:11:16',NULL),(26,'Parasu','Ram','Adhikari',NULL,48,'9849177141','Male',NULL,'Nepal','Bagmati','Kathmandu','Duwakot',NULL,'B.P. 130/100',NULL,NULL,'married',NULL,'2017-06-04 21:13:26','2017-06-04 21:13:26',NULL),(27,'Bal','Krishna','Kafle',NULL,49,'9851178022','Male',NULL,'Nepal','Bagmati','Kathmandu','kausaltar',NULL,'B.P. 120/80',NULL,NULL,'married',NULL,'2017-06-04 21:14:32','2017-06-04 21:14:32',NULL),(28,'Bhagwati',NULL,'Kafle',NULL,59,NULL,'Female',NULL,'Nepal','Bagmati','Kathmandu','kausaltar',NULL,'B.P. 120/80',NULL,NULL,'married',NULL,'2017-06-04 21:15:25','2017-06-04 21:15:25',NULL),(29,'Gita',NULL,'Kharel',NULL,40,'984177278','Female',NULL,'Nepal','Bagmati','Kathmandu','Lokanthali',NULL,'B.P. 100/80',NULL,NULL,'married',NULL,'2017-06-04 21:16:26','2017-06-04 21:16:26',NULL),(30,'Kamala',NULL,'Adhikari',NULL,40,'9843634365','Female',NULL,'Nepal','Bagmati','Kathmandu','Lokanthali',NULL,'B.P. 100/70',NULL,NULL,'married',NULL,'2017-06-04 21:17:32','2017-06-04 21:17:32',NULL),(31,'Mira',NULL,'Lamsal',NULL,46,'9849458282','Female',NULL,'Nepal','Bagmati','Kathmandu','Thimi',NULL,'B.P. 110/80',NULL,NULL,'married',NULL,'2017-06-04 21:18:44','2017-06-04 21:18:44',NULL),(32,'Lisa',NULL,'Lamsal',NULL,24,'9849458282','Female',NULL,'Nepal','Bagmati','Kathmandu','Thimi',NULL,'B.P. 110/70',NULL,NULL,'single',NULL,'2017-06-04 21:19:44','2017-06-04 21:19:44',NULL),(33,'Data','Ram','Pokharel',NULL,63,'9842047345','Male',NULL,'Nepal','Bagmati','Kathmandu','Lokanthali',NULL,'B.P. 120/70',NULL,NULL,'married',NULL,'2017-06-04 21:20:42','2017-06-04 21:20:42',NULL),(34,'Jyoti',NULL,'Tamang',NULL,22,'9818956246','Female',NULL,'Nepal','Bagmati','Kathmandu','Gathaghar',NULL,'B.P. 100/70',NULL,NULL,'single',NULL,'2017-06-04 21:21:58','2017-06-04 21:21:58',NULL),(35,'Chet','Prasad','Upreti',NULL,50,'9849222566','Male',NULL,'Nepal','Bagmati','Kathmandu','Lokanthali',NULL,'B.P. 100/80',NULL,NULL,'married',NULL,'2017-06-04 21:27:13','2017-06-04 22:19:18',NULL),(36,'Sumitra',NULL,'Rai',NULL,23,'9843910006','Female',NULL,'Nepal','Bagmati','Kathmandu','Lokanthali',NULL,'b.p 80/60',NULL,NULL,'single',NULL,'2017-06-05 15:31:01','2017-06-05 15:31:01',NULL),(37,'Jeb','Nath','Regmi',NULL,48,'9852029370','Male',NULL,'Nepal','Bagmati','Kathmandu','Lokanthali',NULL,NULL,NULL,NULL,'married',NULL,'2017-06-05 15:32:50','2017-06-05 15:32:50',NULL),(38,'Anil',NULL,'Adhikari',NULL,29,NULL,'Male',NULL,'Nepal','Bagmati','Kathmandu','Lokanthali',NULL,'bp130/90',NULL,NULL,'married',NULL,'2017-06-05 15:33:37','2017-06-05 15:33:37',NULL),(39,'Achut',NULL,'Bhandari',NULL,35,'9849395933','Male',NULL,'Nepal','Bagmati','Kathmandu','Lokanthali',NULL,'120/90',NULL,NULL,'married',NULL,'2017-06-05 15:35:06','2017-06-05 15:35:06',NULL),(40,'Padam','Keshari','Shrestha',NULL,44,'016635981','Female',NULL,'Nepal','Bagmati','Kathmandu','Lokanthali',NULL,'b.p 110/70',NULL,NULL,'married',NULL,'2017-06-05 15:36:15','2017-06-05 15:36:15',NULL),(41,'Shova',NULL,'Shrestha',NULL,39,'9841097307','Female',NULL,'Nepal','Bagmati','Kathmandu','Lokanthali',NULL,'b.p 90/70',NULL,NULL,'married',NULL,'2017-06-05 15:37:52','2017-06-05 15:37:52',NULL),(42,'manmohan',NULL,'thapaliya',NULL,21,NULL,'Male',NULL,'Nepal','Bagmati','Kathmandu','lokanthali',NULL,NULL,NULL,NULL,'married',NULL,'2017-07-24 01:05:50','2017-07-24 01:05:50',NULL),(43,'BISHWO',NULL,'SILWAL',NULL,22,'98475037156','Male',NULL,'Nepal','Bagmati','Kathmandu','BALKUMARI','STUDENT',NULL,'BIKASH','9485623144','married',NULL,'2017-07-24 01:36:12','2017-07-24 01:36:12',NULL),(44,'MANMOHAN',NULL,'THAPALIYA',NULL,46,NULL,'Male',NULL,'Nepal','Bagmati','Kathmandu','LOKANTHALI',NULL,NULL,NULL,NULL,'married',NULL,'2017-07-24 02:02:56','2017-07-24 02:02:56',NULL),(45,'PRABHU',NULL,'ADHIKARI',NULL,26,NULL,'Male',NULL,'Nepal','Bagmati','Kathmandu','LOKANTHALI',NULL,NULL,NULL,NULL,'married',NULL,'2017-07-24 02:03:27','2017-07-24 02:03:27',NULL),(46,'LAXMAN',NULL,'PHUYAL',NULL,30,NULL,'Male',NULL,'Nepal','Bagmati','Kathmandu','GATTHAGHAR',NULL,NULL,NULL,NULL,'married',NULL,'2017-07-24 02:03:49','2017-07-24 02:03:49',NULL),(47,'BINDA',NULL,'THAPA',NULL,42,NULL,'Female',NULL,'Nepal','Bagmati','Kathmandu','TIKATHALI',NULL,NULL,NULL,NULL,'married',NULL,'2017-07-24 02:04:27','2017-07-24 02:04:27',NULL),(48,'GITA',NULL,'POKHAREL',NULL,42,NULL,'Female',NULL,'Nepal','Bagmati','Kathmandu','LOKANTHALI',NULL,NULL,NULL,NULL,'married',NULL,'2017-07-24 02:04:58','2017-07-24 02:04:58',NULL),(49,'INDIRA',NULL,'PRAJAPATI',NULL,25,NULL,'Female',NULL,'Nepal','Bagmati','Kathmandu','LOKANTHALI',NULL,NULL,NULL,NULL,'married',NULL,'2017-07-24 02:05:25','2017-07-24 02:05:25',NULL),(50,'BASANTI',NULL,'THAPAMAGAR',NULL,39,NULL,'Female',NULL,'Nepal','Bagmati','Kathmandu','LOKANTHALI',NULL,NULL,NULL,NULL,'married',NULL,'2017-07-24 02:06:02','2017-07-24 02:06:02',NULL),(51,'SHANTI',NULL,'BASNET',NULL,35,NULL,'Female',NULL,'Nepal','Bagmati','Kathmandu','LOKANTHALI',NULL,NULL,NULL,NULL,'married',NULL,'2017-07-24 02:06:36','2017-07-24 02:06:36',NULL),(52,'RADHA',NULL,'KHADKA',NULL,42,NULL,'Female',NULL,'Nepal','Bagmati','Kathmandu','LOKANTHALI',NULL,NULL,NULL,NULL,'married',NULL,'2017-07-24 02:07:01','2017-07-24 02:07:01',NULL),(53,'JEENA',NULL,'BAJRACHARYA',NULL,42,NULL,'Female',NULL,'Nepal','Bagmati','Kathmandu','BHAKTAPUR',NULL,NULL,NULL,NULL,'married',NULL,'2017-07-24 02:07:28','2017-07-24 02:07:28',NULL),(54,'AMBIKA',NULL,'KARKI',NULL,50,NULL,'Female',NULL,'Nepal','Bagmati','Kathmandu','LOKANTHALI',NULL,NULL,NULL,NULL,'married',NULL,'2017-07-24 02:07:53','2017-07-24 02:07:53',NULL),(55,'BHAGWATI',NULL,'CHAPAGAIN',NULL,48,NULL,'Female',NULL,'Nepal','Bagmati','Kathmandu','LOKANTHALI',NULL,NULL,NULL,NULL,'married',NULL,'2017-07-24 02:08:38','2017-07-24 02:08:38',NULL),(56,'AMBIKA',NULL,'KHADKA',NULL,53,NULL,'Female',NULL,'Nepal','Bagmati','Kathmandu','LOKANTHALI',NULL,NULL,NULL,NULL,'married',NULL,'2017-07-24 02:09:00','2017-07-24 02:09:00',NULL),(57,'AAKASH',NULL,'DHAKAL',NULL,23,NULL,'Male',NULL,'Nepal','Bagmati','Kathmandu','KOTESWOR',NULL,NULL,NULL,NULL,'single',NULL,'2017-07-24 02:09:39','2017-07-24 02:09:39',NULL),(58,'KURMA','KUMARI','THAPA',NULL,70,NULL,'Male',NULL,'Nepal','Bagmati','Kathmandu','TIKATHALI',NULL,NULL,NULL,NULL,'single',NULL,'2017-07-24 02:10:29','2017-07-24 02:10:29',NULL),(59,'BIDUR',NULL,'CHALISE',NULL,64,'9841566429','Male',NULL,'Nepal','Bagmati','Kathmandu','TIKATHALI',NULL,NULL,NULL,NULL,'married',NULL,'2017-07-24 02:10:58','2017-07-24 02:10:58',NULL),(60,'GITA',NULL,'CHALISE',NULL,65,NULL,'Female',NULL,'Nepal','Bagmati','Kathmandu','TIKATHALI',NULL,NULL,NULL,NULL,'married',NULL,'2017-07-24 02:11:19','2017-07-24 02:11:19',NULL),(61,'RABITA',NULL,'KARKI',NULL,42,NULL,'Male',NULL,'Nepal','Bagmati','Kathmandu','GATTHAGHAR',NULL,NULL,NULL,NULL,'married',NULL,'2017-07-24 02:15:42','2017-07-24 02:15:42',NULL),(62,'bibek',NULL,'Adhikari',NULL,15,NULL,'Other','2074-04-05','Nepal','Bagmati','Kathmandu','balkumari',NULL,NULL,NULL,NULL,'other',NULL,'2017-07-24 03:02:54','2017-07-24 03:02:54',NULL);
/*!40000 ALTER TABLE `patients` ENABLE KEYS */;
UNLOCK TABLES;

--
-- Table structure for table `permission_role`
--

DROP TABLE IF EXISTS `permission_role`;
/*!40101 SET @saved_cs_client     = @@character_set_client */;
/*!40101 SET character_set_client = utf8 */;
CREATE TABLE `permission_role` (
  `id` int(10) unsigned NOT NULL AUTO_INCREMENT,
  `role_id` int(11) NOT NULL,
  `permission_id` int(11) NOT NULL,
  `created_at` timestamp NULL DEFAULT NULL,
  `updated_at` timestamp NULL DEFAULT NULL,
  PRIMARY KEY (`id`)
) ENGINE=InnoDB AUTO_INCREMENT=283 DEFAULT CHARSET=utf8mb4 COLLATE=utf8mb4_unicode_ci;
/*!40101 SET character_set_client = @saved_cs_client */;

--
-- Dumping data for table `permission_role`
--

LOCK TABLES `permission_role` WRITE;
/*!40000 ALTER TABLE `permission_role` DISABLE KEYS */;
INSERT INTO `permission_role` VALUES (1,1,1,'2017-07-11 03:27:25','2017-07-11 03:27:25'),(2,1,2,'2017-07-11 03:27:25','2017-07-11 03:27:25'),(3,1,3,'2017-07-11 03:27:25','2017-07-11 03:27:25'),(4,1,4,'2017-07-11 03:27:25','2017-07-11 03:27:25'),(5,1,5,'2017-07-11 03:27:25','2017-07-11 03:27:25'),(6,1,6,'2017-07-11 03:27:25','2017-07-11 03:27:25'),(7,1,7,'2017-07-11 03:27:25','2017-07-11 03:27:25'),(8,1,8,'2017-07-11 03:27:25','2017-07-11 03:27:25'),(9,1,9,'2017-07-11 03:27:25','2017-07-11 03:27:25'),(10,1,10,'2017-07-11 03:27:25','2017-07-11 03:27:25'),(11,1,11,'2017-07-11 03:27:25','2017-07-11 03:27:25'),(12,1,12,'2017-07-11 03:27:25','2017-07-11 03:27:25'),(13,1,13,'2017-07-11 03:27:25','2017-07-11 03:27:25'),(14,1,14,'2017-07-11 03:27:25','2017-07-11 03:27:25'),(15,1,15,'2017-07-11 03:27:25','2017-07-11 03:27:25'),(16,1,16,'2017-07-11 03:27:25','2017-07-11 03:27:25'),(17,1,17,'2017-07-11 03:27:25','2017-07-11 03:27:25'),(18,1,18,'2017-07-11 03:27:25','2017-07-11 03:27:25'),(19,1,19,'2017-07-11 03:27:25','2017-07-11 03:27:25'),(20,1,20,'2017-07-11 03:27:25','2017-07-11 03:27:25'),(21,1,21,'2017-07-11 03:27:25','2017-07-11 03:27:25'),(22,1,22,'2017-07-11 03:27:25','2017-07-11 03:27:25'),(23,1,23,'2017-07-11 03:27:25','2017-07-11 03:27:25'),(24,1,24,'2017-07-11 03:27:25','2017-07-11 03:27:25'),(25,1,25,'2017-07-11 03:27:25','2017-07-11 03:27:25'),(26,1,26,'2017-07-11 03:27:25','2017-07-11 03:27:25'),(27,1,27,'2017-07-11 03:27:25','2017-07-11 03:27:25'),(28,1,28,'2017-07-11 03:27:25','2017-07-11 03:27:25'),(29,1,29,'2017-07-11 03:27:25','2017-07-11 03:27:25'),(30,1,30,'2017-07-11 03:27:25','2017-07-11 03:27:25'),(31,1,31,'2017-07-11 03:27:25','2017-07-11 03:27:25'),(32,1,32,'2017-07-11 03:27:25','2017-07-11 03:27:25'),(33,1,33,'2017-07-11 03:27:25','2017-07-11 03:27:25'),(34,1,34,'2017-07-11 03:27:25','2017-07-11 03:27:25'),(35,1,35,'2017-07-11 03:27:25','2017-07-11 03:27:25'),(36,1,36,'2017-07-11 03:27:25','2017-07-11 03:27:25'),(37,1,37,'2017-07-11 03:27:25','2017-07-11 03:27:25'),(38,1,38,'2017-07-11 03:27:25','2017-07-11 03:27:25'),(39,1,39,'2017-07-11 03:27:25','2017-07-11 03:27:25'),(40,1,40,'2017-07-11 03:27:25','2017-07-11 03:27:25'),(41,1,41,'2017-07-11 03:27:25','2017-07-11 03:27:25'),(42,1,42,'2017-07-11 03:27:25','2017-07-11 03:27:25'),(43,1,43,'2017-07-11 03:27:25','2017-07-11 03:27:25'),(44,1,44,'2017-07-11 03:27:25','2017-07-11 03:27:25'),(45,1,45,'2017-07-11 03:27:25','2017-07-11 03:27:25'),(46,1,46,'2017-07-11 03:27:25','2017-07-11 03:27:25'),(47,1,47,'2017-07-11 03:27:25','2017-07-11 03:27:25'),(48,1,48,'2017-07-11 03:27:25','2017-07-11 03:27:25'),(49,1,49,'2017-07-11 03:27:25','2017-07-11 03:27:25'),(50,1,50,'2017-07-11 03:27:25','2017-07-11 03:27:25'),(51,1,51,'2017-07-11 03:27:25','2017-07-11 03:27:25'),(52,1,52,'2017-07-11 03:27:25','2017-07-11 03:27:25'),(53,1,53,'2017-07-11 03:27:25','2017-07-11 03:27:25'),(54,1,54,'2017-07-11 03:27:25','2017-07-11 03:27:25'),(55,1,55,'2017-07-11 03:27:25','2017-07-11 03:27:25'),(56,1,56,'2017-07-11 03:27:25','2017-07-11 03:27:25'),(57,1,57,'2017-07-11 03:27:25','2017-07-11 03:27:25'),(58,1,58,'2017-07-11 03:27:25','2017-07-11 03:27:25'),(59,1,59,'2017-07-11 03:27:25','2017-07-11 03:27:25'),(60,1,60,'2017-07-11 03:27:25','2017-07-11 03:27:25'),(61,1,61,'2017-07-11 03:27:25','2017-07-11 03:27:25'),(62,1,62,'2017-07-11 03:27:25','2017-07-11 03:27:25'),(63,1,63,'2017-07-11 03:27:25','2017-07-11 03:27:25'),(64,1,64,'2017-07-11 03:27:25','2017-07-11 03:27:25'),(65,1,65,'2017-07-11 03:27:25','2017-07-11 03:27:25'),(66,1,66,'2017-07-11 03:27:25','2017-07-11 03:27:25'),(67,1,67,'2017-07-11 03:27:25','2017-07-11 03:27:25'),(68,1,68,'2017-07-11 03:27:25','2017-07-11 03:27:25'),(69,1,69,'2017-07-11 03:27:25','2017-07-11 03:27:25'),(70,1,70,'2017-07-11 03:27:25','2017-07-11 03:27:25'),(71,1,71,'2017-07-11 03:27:25','2017-07-11 03:27:25'),(72,1,72,'2017-07-11 03:27:25','2017-07-11 03:27:25'),(73,1,73,'2017-07-11 03:27:25','2017-07-11 03:27:25'),(74,1,74,'2017-07-11 03:27:25','2017-07-11 03:27:25'),(75,1,75,'2017-07-11 03:27:25','2017-07-11 03:27:25'),(76,1,76,'2017-07-11 03:27:25','2017-07-11 03:27:25'),(77,1,77,'2017-07-11 03:27:25','2017-07-11 03:27:25'),(78,1,78,'2017-07-11 03:27:25','2017-07-11 03:27:25'),(79,1,79,'2017-07-11 03:27:25','2017-07-11 03:27:25'),(80,1,80,'2017-07-11 03:27:25','2017-07-11 03:27:25'),(81,1,81,'2017-07-11 03:27:25','2017-07-11 03:27:25'),(82,1,82,'2017-07-11 03:27:25','2017-07-11 03:27:25'),(83,1,83,'2017-07-11 03:27:25','2017-07-11 03:27:25'),(84,1,84,'2017-07-11 03:27:25','2017-07-11 03:27:25'),(85,1,85,'2017-07-11 03:27:25','2017-07-11 03:27:25'),(86,1,86,'2017-07-11 03:27:25','2017-07-11 03:27:25'),(87,1,87,'2017-07-11 03:27:25','2017-07-11 03:27:25'),(88,1,88,'2017-07-11 03:27:25','2017-07-11 03:27:25'),(89,1,89,'2017-07-11 03:27:25','2017-07-11 03:27:25'),(90,1,90,'2017-07-11 03:27:25','2017-07-11 03:27:25'),(91,1,91,'2017-07-11 03:27:25','2017-07-11 03:27:25'),(92,1,92,'2017-07-11 03:27:25','2017-07-11 03:27:25'),(93,1,93,'2017-07-11 03:27:25','2017-07-11 03:27:25'),(94,1,94,'2017-07-11 03:27:25','2017-07-11 03:27:25'),(95,1,95,'2017-07-11 03:27:25','2017-07-11 03:27:25'),(96,1,96,'2017-07-11 03:27:25','2017-07-11 03:27:25'),(97,1,97,'2017-07-11 03:27:25','2017-07-11 03:27:25'),(98,1,98,'2017-07-11 03:27:25','2017-07-11 03:27:25'),(99,1,99,'2017-07-11 03:27:25','2017-07-11 03:27:25'),(100,1,100,'2017-07-11 03:27:25','2017-07-11 03:27:25'),(101,1,101,'2017-07-11 03:27:25','2017-07-11 03:27:25'),(102,1,102,'2017-07-11 03:27:25','2017-07-11 03:27:25'),(103,1,103,'2017-07-11 03:27:25','2017-07-11 03:27:25'),(104,1,104,'2017-07-11 03:27:25','2017-07-11 03:27:25'),(105,1,105,'2017-07-11 03:27:25','2017-07-11 03:27:25'),(106,1,106,'2017-07-11 03:27:25','2017-07-11 03:27:25'),(107,1,107,'2017-07-11 03:27:25','2017-07-11 03:27:25'),(108,1,108,'2017-07-11 03:27:25','2017-07-11 03:27:25'),(109,1,109,'2017-07-11 03:27:25','2017-07-11 03:27:25'),(110,1,110,'2017-07-11 03:27:25','2017-07-11 03:27:25'),(111,1,111,'2017-07-11 03:27:25','2017-07-11 03:27:25'),(112,1,112,'2017-07-11 03:27:25','2017-07-11 03:27:25'),(113,2,1,'2017-07-15 12:27:38','2017-07-15 12:27:38'),(114,2,33,'2017-07-15 12:27:38','2017-07-15 12:27:38'),(115,2,34,'2017-07-15 12:27:38','2017-07-15 12:27:38'),(116,2,35,'2017-07-15 12:27:38','2017-07-15 12:27:38'),(117,2,36,'2017-07-15 12:27:38','2017-07-15 12:27:38'),(118,2,37,'2017-07-15 12:27:38','2017-07-15 12:27:38'),(119,2,38,'2017-07-15 12:27:38','2017-07-15 12:27:38'),(120,2,40,'2017-07-15 12:27:38','2017-07-15 12:27:38'),(121,2,41,'2017-07-15 12:27:38','2017-07-15 12:27:38'),(122,2,42,'2017-07-15 12:27:38','2017-07-15 12:27:38'),(123,2,43,'2017-07-15 12:27:38','2017-07-15 12:27:38'),(124,2,44,'2017-07-15 12:27:38','2017-07-15 12:27:38'),(125,2,45,'2017-07-15 12:27:38','2017-07-15 12:27:38'),(126,2,59,'2017-07-15 12:27:38','2017-07-15 12:27:38'),(127,2,60,'2017-07-15 12:27:38','2017-07-15 12:27:38'),(128,2,61,'2017-07-15 12:27:38','2017-07-15 12:27:38'),(129,2,62,'2017-07-15 12:27:38','2017-07-15 12:27:38'),(130,2,63,'2017-07-15 12:27:38','2017-07-15 12:27:38'),(131,2,64,'2017-07-15 12:27:38','2017-07-15 12:27:38'),(132,2,65,'2017-07-15 12:27:38','2017-07-15 12:27:38'),(133,2,66,'2017-07-15 12:27:38','2017-07-15 12:27:38'),(134,2,68,'2017-07-15 12:27:38','2017-07-15 12:27:38'),(135,2,67,'2017-07-15 12:27:38','2017-07-15 12:27:38'),(136,2,97,'2017-07-15 12:27:38','2017-07-15 12:27:38'),(137,2,102,'2017-07-15 12:27:38','2017-07-15 12:27:38'),(138,3,1,'2017-07-15 12:29:37','2017-07-15 12:29:37'),(139,3,3,'2017-07-15 12:29:37','2017-07-15 12:29:37'),(140,3,33,'2017-07-15 12:29:37','2017-07-15 12:29:37'),(141,3,34,'2017-07-15 12:29:37','2017-07-15 12:29:37'),(142,3,35,'2017-07-15 12:29:37','2017-07-15 12:29:37'),(143,3,36,'2017-07-15 12:29:37','2017-07-15 12:29:37'),(144,3,37,'2017-07-15 12:29:37','2017-07-15 12:29:37'),(145,3,38,'2017-07-15 12:29:37','2017-07-15 12:29:37'),(146,3,40,'2017-07-15 12:29:37','2017-07-15 12:29:37'),(147,3,41,'2017-07-15 12:29:37','2017-07-15 12:29:37'),(148,3,42,'2017-07-15 12:29:37','2017-07-15 12:29:37'),(149,3,43,'2017-07-15 12:29:37','2017-07-15 12:29:37'),(150,3,44,'2017-07-15 12:29:37','2017-07-15 12:29:37'),(151,3,45,'2017-07-15 12:29:37','2017-07-15 12:29:37'),(152,3,59,'2017-07-15 12:29:37','2017-07-15 12:29:37'),(153,3,67,'2017-07-15 12:29:37','2017-07-15 12:29:37'),(154,3,74,'2017-07-15 12:29:37','2017-07-15 12:29:37'),(155,3,75,'2017-07-15 12:29:37','2017-07-15 12:29:37'),(156,3,76,'2017-07-15 12:29:37','2017-07-15 12:29:37'),(157,3,77,'2017-07-15 12:29:37','2017-07-15 12:29:37'),(158,3,79,'2017-07-15 12:29:37','2017-07-15 12:29:37'),(159,3,80,'2017-07-15 12:29:37','2017-07-15 12:29:37'),(160,3,81,'2017-07-15 12:29:37','2017-07-15 12:29:37'),(161,3,83,'2017-07-15 12:29:37','2017-07-15 12:29:37'),(162,3,84,'2017-07-15 12:29:37','2017-07-15 12:29:37'),(163,3,85,'2017-07-15 12:29:37','2017-07-15 12:29:37'),(164,3,86,'2017-07-15 12:29:37','2017-07-15 12:29:37'),(165,3,87,'2017-07-15 12:29:37','2017-07-15 12:29:37'),(166,3,88,'2017-07-15 12:29:37','2017-07-15 12:29:37'),(167,3,89,'2017-07-15 12:29:37','2017-07-15 12:29:37'),(168,3,90,'2017-07-15 12:29:37','2017-07-15 12:29:37'),(169,3,91,'2017-07-15 12:29:37','2017-07-15 12:29:37'),(170,3,92,'2017-07-15 12:29:37','2017-07-15 12:29:37'),(171,3,93,'2017-07-15 12:29:37','2017-07-15 12:29:37'),(172,3,97,'2017-07-15 12:29:37','2017-07-15 12:29:37'),(173,3,98,'2017-07-15 12:29:37','2017-07-15 12:29:37'),(174,3,99,'2017-07-15 12:29:37','2017-07-15 12:29:37'),(175,3,100,'2017-07-15 12:29:37','2017-07-15 12:29:37'),(176,3,101,'2017-07-15 12:29:37','2017-07-15 12:29:37'),(177,3,102,'2017-07-15 12:29:37','2017-07-15 12:29:37'),(178,3,107,'2017-07-15 12:29:37','2017-07-15 12:29:37'),(179,3,108,'2017-07-15 12:29:37','2017-07-15 12:29:37'),(180,3,109,'2017-07-15 12:29:37','2017-07-15 12:29:37'),(181,3,103,'2017-07-15 12:29:37','2017-07-15 12:29:37'),(182,3,104,'2017-07-15 12:29:37','2017-07-15 12:29:37'),(183,3,105,'2017-07-15 12:29:37','2017-07-15 12:29:37'),(184,4,1,'2017-07-15 12:32:13','2017-07-15 12:32:13'),(185,4,2,'2017-07-15 12:32:13','2017-07-15 12:32:13'),(186,4,4,'2017-07-15 12:32:13','2017-07-15 12:32:13'),(187,4,3,'2017-07-15 12:32:13','2017-07-15 12:32:13'),(188,4,5,'2017-07-15 12:32:13','2017-07-15 12:32:13'),(189,4,6,'2017-07-15 12:32:13','2017-07-15 12:32:13'),(190,4,7,'2017-07-15 12:32:13','2017-07-15 12:32:13'),(191,4,8,'2017-07-15 12:32:13','2017-07-15 12:32:13'),(192,4,9,'2017-07-15 12:32:13','2017-07-15 12:32:13'),(193,4,11,'2017-07-15 12:32:13','2017-07-15 12:32:13'),(194,4,12,'2017-07-15 12:32:13','2017-07-15 12:32:13'),(195,4,13,'2017-07-15 12:32:13','2017-07-15 12:32:13'),(196,4,14,'2017-07-15 12:32:13','2017-07-15 12:32:13'),(197,4,15,'2017-07-15 12:32:13','2017-07-15 12:32:13'),(198,4,16,'2017-07-15 12:32:13','2017-07-15 12:32:13'),(199,4,17,'2017-07-15 12:32:13','2017-07-15 12:32:13'),(200,4,18,'2017-07-15 12:32:13','2017-07-15 12:32:13'),(201,4,19,'2017-07-15 12:32:13','2017-07-15 12:32:13'),(202,4,20,'2017-07-15 12:32:13','2017-07-15 12:32:13'),(203,4,21,'2017-07-15 12:32:13','2017-07-15 12:32:13'),(204,4,22,'2017-07-15 12:32:13','2017-07-15 12:32:13'),(205,4,23,'2017-07-15 12:32:13','2017-07-15 12:32:13'),(206,4,24,'2017-07-15 12:32:13','2017-07-15 12:32:13'),(207,4,26,'2017-07-15 12:32:13','2017-07-15 12:32:13'),(208,4,27,'2017-07-15 12:32:13','2017-07-15 12:32:13'),(209,4,28,'2017-07-15 12:32:13','2017-07-15 12:32:13'),(210,4,29,'2017-07-15 12:32:13','2017-07-15 12:32:13'),(211,4,30,'2017-07-15 12:32:13','2017-07-15 12:32:13'),(212,4,31,'2017-07-15 12:32:13','2017-07-15 12:32:13'),(213,4,33,'2017-07-15 12:32:13','2017-07-15 12:32:13'),(214,4,34,'2017-07-15 12:32:13','2017-07-15 12:32:13'),(215,4,35,'2017-07-15 12:32:13','2017-07-15 12:32:13'),(216,4,36,'2017-07-15 12:32:13','2017-07-15 12:32:13'),(217,4,37,'2017-07-15 12:32:13','2017-07-15 12:32:13'),(218,4,38,'2017-07-15 12:32:13','2017-07-15 12:32:13'),(219,4,39,'2017-07-15 12:32:13','2017-07-15 12:32:13'),(220,4,40,'2017-07-15 12:32:13','2017-07-15 12:32:13'),(221,4,41,'2017-07-15 12:32:13','2017-07-15 12:32:13'),(222,4,42,'2017-07-15 12:32:13','2017-07-15 12:32:13'),(223,4,43,'2017-07-15 12:32:13','2017-07-15 12:32:13'),(224,4,44,'2017-07-15 12:32:13','2017-07-15 12:32:13'),(225,4,45,'2017-07-15 12:32:13','2017-07-15 12:32:13'),(226,4,46,'2017-07-15 12:32:13','2017-07-15 12:32:13'),(227,4,59,'2017-07-15 12:32:13','2017-07-15 12:32:13'),(228,4,54,'2017-07-15 12:32:13','2017-07-15 12:32:13'),(229,4,55,'2017-07-15 12:32:13','2017-07-15 12:32:13'),(230,4,56,'2017-07-15 12:32:13','2017-07-15 12:32:13'),(231,4,57,'2017-07-15 12:32:13','2017-07-15 12:32:13'),(232,4,58,'2017-07-15 12:32:13','2017-07-15 12:32:13'),(233,4,71,'2017-07-15 12:32:13','2017-07-15 12:32:13'),(234,4,72,'2017-07-15 12:32:13','2017-07-15 12:32:13'),(235,4,73,'2017-07-15 12:32:13','2017-07-15 12:32:13'),(236,4,60,'2017-07-15 12:32:13','2017-07-15 12:32:13'),(237,4,61,'2017-07-15 12:32:13','2017-07-15 12:32:13'),(238,4,62,'2017-07-15 12:32:13','2017-07-15 12:32:13'),(239,4,63,'2017-07-15 12:32:13','2017-07-15 12:32:13'),(240,4,64,'2017-07-15 12:32:13','2017-07-15 12:32:13'),(241,4,65,'2017-07-15 12:32:13','2017-07-15 12:32:13'),(242,4,66,'2017-07-15 12:32:13','2017-07-15 12:32:13'),(243,4,68,'2017-07-15 12:32:13','2017-07-15 12:32:13'),(244,4,74,'2017-07-15 12:32:13','2017-07-15 12:32:13'),(245,4,75,'2017-07-15 12:32:13','2017-07-15 12:32:13'),(246,4,76,'2017-07-15 12:32:13','2017-07-15 12:32:13'),(247,4,77,'2017-07-15 12:32:13','2017-07-15 12:32:13'),(248,4,78,'2017-07-15 12:32:13','2017-07-15 12:32:13'),(249,4,79,'2017-07-15 12:32:13','2017-07-15 12:32:13'),(250,4,80,'2017-07-15 12:32:13','2017-07-15 12:32:13'),(251,4,81,'2017-07-15 12:32:13','2017-07-15 12:32:13'),(252,4,82,'2017-07-15 12:32:13','2017-07-15 12:32:13'),(253,4,83,'2017-07-15 12:32:13','2017-07-15 12:32:13'),(254,4,84,'2017-07-15 12:32:13','2017-07-15 12:32:13'),(255,4,85,'2017-07-15 12:32:13','2017-07-15 12:32:13'),(256,4,86,'2017-07-15 12:32:13','2017-07-15 12:32:13'),(257,4,87,'2017-07-15 12:32:13','2017-07-15 12:32:13'),(258,4,88,'2017-07-15 12:32:13','2017-07-15 12:32:13'),(259,4,89,'2017-07-15 12:32:13','2017-07-15 12:32:13'),(260,4,90,'2017-07-15 12:32:13','2017-07-15 12:32:13'),(261,4,91,'2017-07-15 12:32:13','2017-07-15 12:32:13'),(262,4,92,'2017-07-15 12:32:13','2017-07-15 12:32:13'),(263,4,93,'2017-07-15 12:32:13','2017-07-15 12:32:13'),(264,4,94,'2017-07-15 12:32:13','2017-07-15 12:32:13'),(265,4,95,'2017-07-15 12:32:13','2017-07-15 12:32:13'),(266,4,96,'2017-07-15 12:32:13','2017-07-15 12:32:13'),(267,4,97,'2017-07-15 12:32:13','2017-07-15 12:32:13'),(268,4,98,'2017-07-15 12:32:13','2017-07-15 12:32:13'),(269,4,99,'2017-07-15 12:32:13','2017-07-15 12:32:13'),(270,4,100,'2017-07-15 12:32:13','2017-07-15 12:32:13'),(271,4,101,'2017-07-15 12:32:13','2017-07-15 12:32:13'),(272,4,102,'2017-07-15 12:32:13','2017-07-15 12:32:13'),(273,4,107,'2017-07-15 12:32:13','2017-07-15 12:32:13'),(274,4,108,'2017-07-15 12:32:13','2017-07-15 12:32:13'),(275,4,109,'2017-07-15 12:32:13','2017-07-15 12:32:13'),(276,4,103,'2017-07-15 12:32:13','2017-07-15 12:32:13'),(277,4,104,'2017-07-15 12:32:13','2017-07-15 12:32:13'),(278,4,105,'2017-07-15 12:32:13','2017-07-15 12:32:13'),(279,4,106,'2017-07-15 12:32:13','2017-07-15 12:32:13'),(280,4,110,'2017-07-15 12:32:13','2017-07-15 12:32:13'),(281,4,111,'2017-07-15 12:32:13','2017-07-15 12:32:13'),(282,4,112,'2017-07-15 12:32:13','2017-07-15 12:32:13');
/*!40000 ALTER TABLE `permission_role` ENABLE KEYS */;
UNLOCK TABLES;

--
-- Table structure for table `permissions`
--

DROP TABLE IF EXISTS `permissions`;
/*!40101 SET @saved_cs_client     = @@character_set_client */;
/*!40101 SET character_set_client = utf8 */;
CREATE TABLE `permissions` (
  `id` int(10) unsigned NOT NULL AUTO_INCREMENT,
  `object` varchar(191) COLLATE utf8mb4_unicode_ci NOT NULL,
  `action` text COLLATE utf8mb4_unicode_ci NOT NULL,
  `name` varchar(191) COLLATE utf8mb4_unicode_ci NOT NULL,
  `created_at` timestamp NULL DEFAULT NULL,
  `updated_at` timestamp NULL DEFAULT NULL,
  PRIMARY KEY (`id`)
) ENGINE=InnoDB AUTO_INCREMENT=113 DEFAULT CHARSET=utf8mb4 COLLATE=utf8mb4_unicode_ci;
/*!40101 SET character_set_client = @saved_cs_client */;

--
-- Dumping data for table `permissions`
--

LOCK TABLES `permissions` WRITE;
/*!40000 ALTER TABLE `permissions` DISABLE KEYS */;
INSERT INTO `permissions` VALUES (1,'dashboard','index','dashboard.index','2017-07-11 03:27:21','2017-07-11 03:27:21'),(2,'hospital','setting','hospital.setting','2017-07-11 03:27:22','2017-07-11 03:27:22'),(3,'change','password','change.password','2017-07-11 03:27:22','2017-07-11 03:27:22'),(4,'hospital','update','hospital.update','2017-07-11 03:27:22','2017-07-11 03:27:22'),(5,'tax','update','tax.update','2017-07-11 03:27:22','2017-07-11 03:27:22'),(6,'config','update','config.update','2017-07-11 03:27:22','2017-07-11 03:27:22'),(7,'user','index','user.index','2017-07-11 03:27:22','2017-07-11 03:27:22'),(8,'user','store','user.store','2017-07-11 03:27:22','2017-07-11 03:27:22'),(9,'user','edit','user.edit','2017-07-11 03:27:22','2017-07-11 03:27:22'),(10,'user','delete','user.delete','2017-07-11 03:27:22','2017-07-11 03:27:22'),(11,'department','index','department.index','2017-07-11 03:27:22','2017-07-11 03:27:22'),(12,'department','add','department.add','2017-07-11 03:27:22','2017-07-11 03:27:22'),(13,'department','edit','department.edit','2017-07-11 03:27:22','2017-07-11 03:27:22'),(14,'department','delete','department.delete','2017-07-11 03:27:22','2017-07-11 03:27:22'),(15,'service','index','service.index','2017-07-11 03:27:22','2017-07-11 03:27:22'),(16,'service','add','service.add','2017-07-11 03:27:22','2017-07-11 03:27:22'),(17,'service','edit','service.edit','2017-07-11 03:27:22','2017-07-11 03:27:22'),(18,'service','delete','service.delete','2017-07-11 03:27:22','2017-07-11 03:27:22'),(19,'employee','index','employee.index','2017-07-11 03:27:22','2017-07-11 03:27:22'),(20,'employee','create','employee.create','2017-07-11 03:27:22','2017-07-11 03:27:22'),(21,'employee','store','employee.store','2017-07-11 03:27:22','2017-07-11 03:27:22'),(22,'employee','show','employee.show','2017-07-11 03:27:22','2017-07-11 03:27:22'),(23,'employee','edit','employee.edit','2017-07-11 03:27:22','2017-07-11 03:27:22'),(24,'employee','update','employee.update','2017-07-11 03:27:22','2017-07-11 03:27:22'),(25,'employee','destroy','employee.destroy','2017-07-11 03:27:22','2017-07-11 03:27:22'),(26,'doctor','index','doctor.index','2017-07-11 03:27:22','2017-07-11 03:27:22'),(27,'doctor','create','doctor.create','2017-07-11 03:27:22','2017-07-11 03:27:22'),(28,'doctor','store','doctor.store','2017-07-11 03:27:22','2017-07-11 03:27:22'),(29,'doctor','show','doctor.show','2017-07-11 03:27:22','2017-07-11 03:27:22'),(30,'doctor','edit','doctor.edit','2017-07-11 03:27:22','2017-07-11 03:27:22'),(31,'doctor','update','doctor.update','2017-07-11 03:27:22','2017-07-11 03:27:22'),(32,'doctor','destroy','doctor.destroy','2017-07-11 03:27:22','2017-07-11 03:27:22'),(33,'patient','index','patient.index','2017-07-11 03:27:22','2017-07-11 03:27:22'),(34,'patient','create','patient.create','2017-07-11 03:27:22','2017-07-11 03:27:22'),(35,'patient','store','patient.store','2017-07-11 03:27:22','2017-07-11 03:27:22'),(36,'patient','show','patient.show','2017-07-11 03:27:23','2017-07-11 03:27:23'),(37,'patient','edit','patient.edit','2017-07-11 03:27:23','2017-07-11 03:27:23'),(38,'patient','update','patient.update','2017-07-11 03:27:23','2017-07-11 03:27:23'),(39,'patient','destroy','patient.destroy','2017-07-11 03:27:23','2017-07-11 03:27:23'),(40,'appointment','index','appointment.index','2017-07-11 03:27:23','2017-07-11 03:27:23'),(41,'appointment','create','appointment.create','2017-07-11 03:27:23','2017-07-11 03:27:23'),(42,'appointment','store','appointment.store','2017-07-11 03:27:23','2017-07-11 03:27:23'),(43,'appointment','show','appointment.show','2017-07-11 03:27:23','2017-07-11 03:27:23'),(44,'appointment','edit','appointment.edit','2017-07-11 03:27:23','2017-07-11 03:27:23'),(45,'appointment','update','appointment.update','2017-07-11 03:27:23','2017-07-11 03:27:23'),(46,'appointment','destroy','appointment.destroy','2017-07-11 03:27:23','2017-07-11 03:27:23'),(47,'role','index','role.index','2017-07-11 03:27:23','2017-07-11 03:27:23'),(48,'role','create','role.create','2017-07-11 03:27:23','2017-07-11 03:27:23'),(49,'role','store','role.store','2017-07-11 03:27:23','2017-07-11 03:27:23'),(50,'role','show','role.show','2017-07-11 03:27:23','2017-07-11 03:27:23'),(51,'role','edit','role.edit','2017-07-11 03:27:23','2017-07-11 03:27:23'),(52,'role','update','role.update','2017-07-11 03:27:23','2017-07-11 03:27:23'),(53,'role','destroy','role.destroy','2017-07-11 03:27:23','2017-07-11 03:27:23'),(54,'package','index','package.index','2017-07-11 03:27:23','2017-07-11 03:27:23'),(55,'package','store','package.store','2017-07-11 03:27:23','2017-07-11 03:27:23'),(56,'package','edit','package.edit','2017-07-11 03:27:23','2017-07-11 03:27:23'),(57,'package','test','package.test.delete','2017-07-11 03:27:23','2017-07-11 03:27:23'),(58,'package','delete','package.delete','2017-07-11 03:27:23','2017-07-11 03:27:23'),(59,'appointment','updated','appointment.updated','2017-07-11 03:27:23','2017-07-11 03:27:23'),(60,'invoice','index','invoice.index','2017-07-11 03:27:23','2017-07-11 03:27:23'),(61,'invoice','store','invoice.store','2017-07-11 03:27:23','2017-07-11 03:27:23'),(62,'invoice','patient','invoice.patient','2017-07-11 03:27:23','2017-07-11 03:27:23'),(63,'invoice','remove','invoice.remove','2017-07-11 03:27:23','2017-07-11 03:27:23'),(64,'invoice','sale','invoice.sale','2017-07-11 03:27:23','2017-07-11 03:27:23'),(65,'invoice','opd','invoice.opd','2017-07-11 03:27:23','2017-07-11 03:27:23'),(66,'invoice','report','invoice.report','2017-07-11 03:27:23','2017-07-11 03:27:23'),(67,'search','invoice','search.invoice','2017-07-11 03:27:23','2017-07-11 03:27:23'),(68,'invoice','return','invoice.return','2017-07-11 03:27:23','2017-07-11 03:27:23'),(69,'opd','index','opd.index','2017-07-11 03:27:23','2017-07-11 03:27:23'),(70,'opd','store','opd.store','2017-07-11 03:27:23','2017-07-11 03:27:23'),(71,'package','sale','package.sale','2017-07-11 03:27:23','2017-07-11 03:27:23'),(72,'package','sale','package.sale','2017-07-11 03:27:23','2017-07-11 03:27:23'),(73,'package','sales','package.sales','2017-07-11 03:27:24','2017-07-11 03:27:24'),(74,'test','index','test.index','2017-07-11 03:27:24','2017-07-11 03:27:24'),(75,'test','status','test.status','2017-07-11 03:27:24','2017-07-11 03:27:24'),(76,'test','store','test.store','2017-07-11 03:27:24','2017-07-11 03:27:24'),(77,'test','edit','test.edit','2017-07-11 03:27:24','2017-07-11 03:27:24'),(78,'test','delete','test.delete','2017-07-11 03:27:24','2017-07-11 03:27:24'),(79,'reference','index','reference.index','2017-07-11 03:27:24','2017-07-11 03:27:24'),(80,'reference','store','reference.store','2017-07-11 03:27:24','2017-07-11 03:27:24'),(81,'reference','update','reference.update','2017-07-11 03:27:24','2017-07-11 03:27:24'),(82,'reference','delete','reference.delete','2017-07-11 03:27:24','2017-07-11 03:27:24'),(83,'antibiotic','store','antibiotic.store','2017-07-11 03:27:24','2017-07-11 03:27:24'),(84,'antibiotic','edit','antibiotic.edit','2017-07-11 03:27:24','2017-07-11 03:27:24'),(85,'haematology','index','haematology.index','2017-07-11 03:27:24','2017-07-11 03:27:24'),(86,'haematology','store','haematology.store','2017-07-11 03:27:24','2017-07-11 03:27:24'),(87,'microbiology','index','microbiology.index','2017-07-11 03:27:24','2017-07-11 03:27:24'),(88,'microbiology','store','microbiology.store','2017-07-11 03:27:24','2017-07-11 03:27:24'),(89,'examination','index','examination.index','2017-07-11 03:27:24','2017-07-11 03:27:24'),(90,'examination','store','examination.store','2017-07-11 03:27:24','2017-07-11 03:27:24'),(91,'examination','update','examination.update','2017-07-11 03:27:24','2017-07-11 03:27:24'),(92,'biochemistry','index','biochemistry.index','2017-07-11 03:27:24','2017-07-11 03:27:24'),(93,'biochemistry','store','biochemistry.store','2017-07-11 03:27:24','2017-07-11 03:27:24'),(94,'stain','index','stain.index','2017-07-11 03:27:24','2017-07-11 03:27:24'),(95,'stain','store','stain.store','2017-07-11 03:27:24','2017-07-11 03:27:24'),(96,'stain','edit','stain.edit','2017-07-11 03:27:24','2017-07-11 03:27:24'),(97,'report','index','report.index','2017-07-11 03:27:24','2017-07-11 03:27:24'),(98,'report','status','report.status','2017-07-11 03:27:24','2017-07-11 03:27:24'),(99,'report','edit','report.edit','2017-07-11 03:27:24','2017-07-11 03:27:24'),(100,'report','patient','report.patient','2017-07-11 03:27:24','2017-07-11 03:27:24'),(101,'report','update','report.update','2017-07-11 03:27:24','2017-07-11 03:27:24'),(102,'report','print','report.print','2017-07-11 03:27:24','2017-07-11 03:27:24'),(103,'result','test','result.test','2017-07-11 03:27:24','2017-07-11 03:27:24'),(104,'result','tests','result.tests','2017-07-11 03:27:24','2017-07-11 03:27:24'),(105,'result','store','result.store','2017-07-11 03:27:24','2017-07-11 03:27:24'),(106,'result','edit','result.edit','2017-07-11 03:27:24','2017-07-11 03:27:24'),(107,'report','generate','report.generate','2017-07-11 03:27:24','2017-07-11 03:27:24'),(108,'report','comment','report.comment','2017-07-11 03:27:24','2017-07-11 03:27:24'),(109,'report','result','report.result','2017-07-11 03:27:24','2017-07-11 03:27:24'),(110,'account','service','account.service','2017-07-11 03:27:24','2017-07-11 03:27:24'),(111,'account','opd','account.opd','2017-07-11 03:27:24','2017-07-11 03:27:24'),(112,'account','package','account.package','2017-07-11 03:27:25','2017-07-11 03:27:25');
/*!40000 ALTER TABLE `permissions` ENABLE KEYS */;
UNLOCK TABLES;

--
-- Table structure for table `reference_results`
--

DROP TABLE IF EXISTS `reference_results`;
/*!40101 SET @saved_cs_client     = @@character_set_client */;
/*!40101 SET character_set_client = utf8 */;
CREATE TABLE `reference_results` (
  `id` int(10) unsigned NOT NULL AUTO_INCREMENT,
  `test_report_id` int(10) unsigned NOT NULL,
  `test_reference_id` int(10) unsigned NOT NULL,
  `result` varchar(191) COLLATE utf8mb4_unicode_ci NOT NULL,
  `flag` varchar(191) COLLATE utf8mb4_unicode_ci NOT NULL,
  `created_at` timestamp NULL DEFAULT NULL,
  `updated_at` timestamp NULL DEFAULT NULL,
  PRIMARY KEY (`id`),
  KEY `reference_results_test_report_id_foreign` (`test_report_id`),
  KEY `reference_results_test_reference_id_foreign` (`test_reference_id`)
) ENGINE=InnoDB DEFAULT CHARSET=utf8mb4 COLLATE=utf8mb4_unicode_ci;
/*!40101 SET character_set_client = @saved_cs_client */;

--
-- Dumping data for table `reference_results`
--

LOCK TABLES `reference_results` WRITE;
/*!40000 ALTER TABLE `reference_results` DISABLE KEYS */;
/*!40000 ALTER TABLE `reference_results` ENABLE KEYS */;
UNLOCK TABLES;

--
-- Table structure for table `reports`
--

DROP TABLE IF EXISTS `reports`;
/*!40101 SET @saved_cs_client     = @@character_set_client */;
/*!40101 SET character_set_client = utf8 */;
CREATE TABLE `reports` (
  `id` int(10) unsigned NOT NULL AUTO_INCREMENT,
  `patient_id` int(10) unsigned NOT NULL,
  `doctor_id` int(11) DEFAULT NULL,
  `report` varchar(191) COLLATE utf8mb4_unicode_ci DEFAULT NULL,
  `result` varchar(191) COLLATE utf8mb4_unicode_ci DEFAULT NULL,
  `status` tinyint(1) NOT NULL DEFAULT '0',
  `created_at` timestamp NULL DEFAULT NULL,
  `updated_at` timestamp NULL DEFAULT NULL,
  `deleted_at` timestamp NULL DEFAULT NULL,
  PRIMARY KEY (`id`),
  KEY `reports_patient_id_foreign` (`patient_id`)
) ENGINE=InnoDB AUTO_INCREMENT=4 DEFAULT CHARSET=utf8mb4 COLLATE=utf8mb4_unicode_ci;
/*!40101 SET character_set_client = @saved_cs_client */;

--
-- Dumping data for table `reports`
--

LOCK TABLES `reports` WRITE;
/*!40000 ALTER TABLE `reports` DISABLE KEYS */;
INSERT INTO `reports` VALUES (1,14,NULL,'Rojesh1.pdf',NULL,1,'2017-07-26 16:10:59','2017-07-26 17:36:26',NULL),(2,4,NULL,NULL,NULL,0,'2017-07-27 15:00:35','2017-07-27 15:00:35',NULL),(3,5,NULL,NULL,NULL,0,'2017-07-29 08:37:53','2017-07-29 08:37:53',NULL);
/*!40000 ALTER TABLE `reports` ENABLE KEYS */;
UNLOCK TABLES;

--
-- Table structure for table `roles`
--

DROP TABLE IF EXISTS `roles`;
/*!40101 SET @saved_cs_client     = @@character_set_client */;
/*!40101 SET character_set_client = utf8 */;
CREATE TABLE `roles` (
  `id` int(10) unsigned NOT NULL AUTO_INCREMENT,
  `name` varchar(191) COLLATE utf8mb4_unicode_ci NOT NULL,
  `description` varchar(191) COLLATE utf8mb4_unicode_ci DEFAULT NULL,
  `created_at` timestamp NULL DEFAULT NULL,
  `updated_at` timestamp NULL DEFAULT NULL,
  PRIMARY KEY (`id`)
) ENGINE=InnoDB AUTO_INCREMENT=5 DEFAULT CHARSET=utf8mb4 COLLATE=utf8mb4_unicode_ci;
/*!40101 SET character_set_client = @saved_cs_client */;

--
-- Dumping data for table `roles`
--

LOCK TABLES `roles` WRITE;
/*!40000 ALTER TABLE `roles` DISABLE KEYS */;
INSERT INTO `roles` VALUES (1,'Superadmin','Role for Super administrator','2017-07-11 03:27:25','2017-07-11 03:27:25'),(2,'user','user','2017-07-15 12:27:38','2017-07-15 12:27:38'),(3,'lab','lab','2017-07-15 12:29:37','2017-07-15 12:29:37'),(4,'admin','admin','2017-07-15 12:32:13','2017-07-15 12:32:13');
/*!40000 ALTER TABLE `roles` ENABLE KEYS */;
UNLOCK TABLES;

--
-- Table structure for table `service_sales`
--

DROP TABLE IF EXISTS `service_sales`;
/*!40101 SET @saved_cs_client     = @@character_set_client */;
/*!40101 SET character_set_client = utf8 */;
CREATE TABLE `service_sales` (
  `id` int(10) unsigned NOT NULL AUTO_INCREMENT,
  `service_id` int(11) NOT NULL,
  `service_name` varchar(191) COLLATE utf8mb4_unicode_ci NOT NULL,
  `amount` double(28,21) NOT NULL,
  `invoice_id` int(10) unsigned NOT NULL,
  `status` tinyint(1) NOT NULL DEFAULT '1',
  `created_at` timestamp NULL DEFAULT NULL,
  `updated_at` timestamp NULL DEFAULT NULL,
  `deleted_at` timestamp NULL DEFAULT NULL,
  PRIMARY KEY (`id`),
  KEY `service_sales_invoice_id_foreign` (`invoice_id`)
) ENGINE=InnoDB AUTO_INCREMENT=4 DEFAULT CHARSET=utf8mb4 COLLATE=utf8mb4_unicode_ci;
/*!40101 SET character_set_client = @saved_cs_client */;

--
-- Dumping data for table `service_sales`
--

LOCK TABLES `service_sales` WRITE;
/*!40000 ALTER TABLE `service_sales` DISABLE KEYS */;
INSERT INTO `service_sales` VALUES (1,138,'Salmonella aggutination test (WIDAL)',200.000000000000000000000,1,1,'2017-07-27 15:00:35','2017-07-27 15:00:35',NULL),(2,1,'Absolute Basophil Count',142.860000000000000000000,2,1,'2017-07-29 08:37:52','2017-07-29 08:37:52',NULL),(3,4,'Acid Phosphatase',333.330000000000000000000,2,1,'2017-07-29 08:37:52','2017-07-29 08:37:52',NULL);
/*!40000 ALTER TABLE `service_sales` ENABLE KEYS */;
UNLOCK TABLES;

--
-- Table structure for table `services`
--

DROP TABLE IF EXISTS `services`;
/*!40101 SET @saved_cs_client     = @@character_set_client */;
/*!40101 SET character_set_client = utf8 */;
CREATE TABLE `services` (
  `id` int(10) unsigned NOT NULL AUTO_INCREMENT,
  `name` varchar(191) COLLATE utf8mb4_unicode_ci NOT NULL,
  `amount` double(20,15) NOT NULL,
  `department_id` int(10) unsigned NOT NULL,
  `created_at` timestamp NULL DEFAULT NULL,
  `updated_at` timestamp NULL DEFAULT NULL,
  `deleted_at` timestamp NULL DEFAULT NULL,
  PRIMARY KEY (`id`)
) ENGINE=InnoDB AUTO_INCREMENT=182 DEFAULT CHARSET=utf8mb4 COLLATE=utf8mb4_unicode_ci;
/*!40101 SET character_set_client = @saved_cs_client */;

--
-- Dumping data for table `services`
--

LOCK TABLES `services` WRITE;
/*!40000 ALTER TABLE `services` DISABLE KEYS */;
INSERT INTO `services` VALUES (1,'Absolute Basophil Count',142.857142857142860,1,'2017-06-02 05:46:51','2017-07-29 08:18:06',NULL),(2,'Absolute Eosinophil Count',142.857142857142860,1,'2017-06-02 05:46:51','2017-07-27 15:47:52',NULL),(3,'Absolute Neutrophil Count',142.857142857142860,1,'2017-06-02 05:46:51','2017-07-27 15:47:52',NULL),(4,'Acid Phosphatase',333.333333333333300,1,'2017-06-02 05:46:51','2017-07-27 15:47:52',NULL),(5,'Albumin/Ceatinine ratio',809.523809523809500,1,'2017-06-02 05:46:51','2017-07-27 15:47:52',NULL),(8,'ADA (Adenosene Deaminase)',619.047619047619000,2,'2017-06-02 05:46:51','2017-07-27 15:47:52',NULL),(9,'AFB ( Acid fast) )Stain',95.238095238095240,4,'2017-06-02 05:46:51','2017-07-27 15:47:52',NULL),(10,'AFB ( Ziehlneelsen )Stain',95.238095238095240,3,'2017-06-02 05:46:51','2017-07-27 15:47:52',NULL),(12,'AFP ( Alpha Feto Protein )',1047.619047619047700,1,'2017-06-02 05:46:51','2017-07-27 15:47:52',NULL),(13,'Albumin',142.857142857142860,2,'2017-06-02 05:46:51','2017-07-27 15:47:52',NULL),(15,'Alkaline Phosphatase',142.857142857142860,2,'2017-06-02 05:46:51','2017-07-27 15:47:52',NULL),(16,'Amylase',476.190476190476200,2,'2017-06-02 05:46:51','2017-07-27 15:47:52',NULL),(18,'ANA',1047.619047619047700,2,'2017-06-02 05:46:51','2017-07-27 15:47:52',NULL),(19,'Anti CCP',1619.047619047619000,1,'2017-06-02 05:46:51','2017-07-27 15:47:52',NULL),(20,'Anti Phospolipid IgG',1285.714285714285800,1,'2017-06-02 05:46:51','2017-07-27 15:47:52',NULL),(21,'Anti Phospolipid IgM',1285.714285714285800,1,'2017-06-02 05:46:51','2017-07-27 15:47:53',NULL),(22,'Anti TPO',1428.571428571428700,1,'2017-06-02 05:46:51','2017-07-27 15:47:53',NULL),(23,'Anticardiolipin IgG',1000.000000000000000,1,'2017-06-02 05:46:51','2017-07-27 15:47:53',NULL),(24,'Anticardiolipin IgM',1000.000000000000000,1,'2017-06-02 05:46:51','2017-07-27 15:47:53',NULL),(25,'APTT (Activated Partial Thromboplastin Time)',380.952380952380960,1,'2017-06-02 05:46:51','2017-07-27 15:47:53',NULL),(26,'ASO Test',333.333333333333300,5,'2017-06-02 05:46:51','2017-07-27 15:47:53',NULL),(27,'ASO Titre',476.190476190476200,5,'2017-06-02 05:46:51','2017-07-27 15:47:53',NULL),(28,'ASO Quantitaive',380.952380952380960,5,'2017-06-02 05:46:51','2017-07-27 15:47:53',NULL),(29,'Bence jones Protein',238.095238095238100,1,'2017-06-02 05:46:51','2017-07-27 15:47:53',NULL),(30,'Beta HCG-Free',952.380952380952400,2,'2017-06-02 05:46:51','2017-07-27 15:47:53',NULL),(31,'Serum Bicarbonate',1523.809523809523900,5,'2017-06-02 05:46:51','2017-07-27 15:47:53',NULL),(32,'Bilirubin (Total )',142.857142857142860,2,'2017-06-02 05:46:51','2017-07-27 15:47:53',NULL),(33,'BT( Bleeding Time )',47.619047619047620,1,'2017-06-02 05:46:51','2017-07-27 15:47:53',NULL),(34,'Blood Culture & Sensitivity',476.190476190476200,4,'2017-06-02 05:46:51','2017-07-27 15:47:53',NULL),(35,'Blood Grouping Rh typing',71.428571428571430,1,'2017-06-02 05:46:51','2017-07-27 15:47:53',NULL),(36,'Brucella Ab Test',380.952380952380960,2,'2017-06-02 05:46:51','2017-07-27 15:47:53',NULL),(37,'BUN (Blood Urea Nitrogen)',142.857142857142860,2,'2017-06-02 05:46:51','2017-07-27 15:47:53',NULL),(38,'CA-15.3',1428.571428571428700,2,'2017-06-02 05:46:51','2017-07-27 15:47:53',NULL),(39,'CA-19.9',1428.571428571428700,2,'2017-06-02 05:46:51','2017-07-27 15:47:53',NULL),(40,'CA-125',1619.047619047619000,2,'2017-06-02 05:46:51','2017-07-27 15:47:54',NULL),(41,'Calcium',190.476190476190480,2,'2017-06-02 05:46:51','2017-07-27 15:47:54',NULL),(42,'C-ANCA',1200.000000000000000,1,'2017-06-02 05:46:51','2017-07-27 15:47:54',NULL),(43,'CEA',1238.095238095238000,2,'2017-06-02 05:46:51','2017-07-27 15:47:54',NULL),(44,'Chloride',142.857142857142860,2,'2017-06-02 05:46:51','2017-07-27 15:47:54',NULL),(45,'Total Cholesterol',190.476190476190480,2,'2017-06-02 05:46:51','2017-07-27 15:47:54',NULL),(46,'Cholesterol -HDL',190.476190476190480,2,'2017-06-02 05:46:51','2017-07-27 15:47:54',NULL),(47,'Cholesterol-LDL',190.476190476190480,2,'2017-06-02 05:46:51','2017-07-27 15:47:54',NULL),(48,'Cholesterol-VLDL',190.476190476190480,2,'2017-06-02 05:46:51','2017-07-27 15:47:54',NULL),(49,'CT (Clotting Time)',47.619047619047620,1,'2017-06-02 05:46:51','2017-07-27 15:47:54',NULL),(50,'C3 (Complement-3)',1095.238095238095200,1,'2017-06-02 05:46:51','2017-07-27 15:47:54',NULL),(51,'C4 (Complement-4)',1095.238095238095200,1,'2017-06-02 05:46:51','2017-07-27 15:47:54',NULL),(52,'Complete Blood Count (CBC)',333.333333333333300,1,'2017-06-02 05:46:51','2017-07-27 15:47:54',NULL),(53,'C-Peptide',1190.476190476190400,1,'2017-06-02 05:46:51','2017-07-27 15:47:54',NULL),(54,'CPK',333.333333333333300,2,'2017-06-02 05:46:51','2017-07-27 15:47:54',NULL),(55,'CPK-MB',428.571428571428560,2,'2017-06-02 05:46:51','2017-07-27 15:47:54',NULL),(56,'Creatinine',142.857142857142860,2,'2017-06-02 05:46:51','2017-07-27 15:47:54',NULL),(57,'Creatinine Clearance Test',333.333333333333300,1,'2017-06-02 05:46:51','2017-07-27 15:47:54',NULL),(58,'CRP Quantitative',428.571428571428560,5,'2017-06-02 05:46:51','2017-07-27 15:47:54',NULL),(59,'CRP Test',333.333333333333300,5,'2017-06-02 05:46:51','2017-07-27 15:47:54',NULL),(60,'CRP Titre',428.571428571428560,5,'2017-06-02 05:46:51','2017-07-27 15:47:55',NULL),(61,'CSF Culture & Sensitivity',333.333333333333300,3,'2017-06-02 05:46:51','2017-07-27 15:47:55',NULL),(62,'Cardiolipin Antibody-IgM',857.142857142857100,1,'2017-06-02 05:46:51','2017-07-27 15:47:55',NULL),(63,'Cardiolipin Antibody-Igg',857.142857142857100,1,'2017-06-02 05:46:51','2017-07-27 15:47:55',NULL),(64,'D-dimer',1333.333333333333300,1,'2017-06-02 05:46:51','2017-07-27 15:47:55',NULL),(65,'Dengue Ab- (IgG and IgM)',1238.095238095238000,1,'2017-06-02 05:46:51','2017-07-27 15:47:55',NULL),(66,'Differential Leucocyte Count (DLC)',71.428571428571430,1,'2017-06-02 05:46:51','2017-07-27 15:47:55',NULL),(67,'ds-DNA',1047.619047619047700,5,'2017-06-02 05:46:51','2017-07-27 15:47:55',NULL),(68,'Erythrocyte sedimentation Rate (ESR)',71.428571428571430,1,'2017-06-02 05:46:51','2017-07-27 15:47:55',NULL),(69,'E2 (Estradiol)',1047.619047619047700,1,'2017-06-02 05:46:51','2017-07-27 15:47:55',NULL),(70,'Ferritin',1047.619047619047700,2,'2017-06-02 05:46:51','2017-07-27 15:47:55',NULL),(71,'FSH',1095.238095238095200,5,'2017-06-02 05:46:51','2017-07-27 15:47:55',NULL),(72,'Fungal KOH Preparation',95.238095238095240,2,'2017-06-02 05:46:51','2017-07-27 15:47:55',NULL),(73,'Gamma GT',380.952380952380960,2,'2017-06-02 05:46:51','2017-07-27 15:47:55',NULL),(74,'Globulin',142.857142857142860,1,'2017-06-02 05:46:51','2017-07-27 15:47:55',NULL),(75,'Blood Glucose F',47.619047619047620,2,'2017-06-02 05:46:51','2017-07-27 15:47:55',NULL),(76,'Glucose GTT',95.238095238095240,1,'2017-06-02 05:46:51','2017-07-27 15:47:55',NULL),(77,'Blood Glucose PP',47.619047619047620,1,'2017-06-02 05:46:51','2017-07-27 15:47:55',NULL),(78,'Glucose Pre-dinner',47.619047619047620,1,'2017-06-02 05:46:51','2017-07-27 15:47:55',NULL),(79,'Blood Glucose Random',47.619047619047620,1,'2017-06-02 05:46:51','2017-07-27 15:47:55',NULL),(80,'Gram Stain',142.857142857142860,4,'2017-06-02 05:46:51','2017-07-27 15:47:55',NULL),(81,'Growth Hormone',1190.476190476190400,1,'2017-06-02 05:46:51','2017-07-27 15:47:55',NULL),(82,'Haemoglobin (Hb)',71.428571428571430,1,'2017-06-02 05:46:51','2017-07-27 15:47:55',NULL),(83,'HAV(IGG& IGM)',571.428571428571400,1,'2017-06-02 05:46:51','2017-07-27 15:47:56',NULL),(84,'HbA1C-Glycosylated Hb',761.904761904761900,2,'2017-06-02 05:46:51','2017-07-27 15:47:56',NULL),(85,'Helicobacter Pylori Ab',952.380952380952400,2,'2017-06-02 05:46:51','2017-07-27 15:47:56',NULL),(86,'HepatitisBSurface antigen (HBsAg)-Rapid Test',428.571428571428560,5,'2017-06-02 05:46:51','2017-07-27 15:47:56',NULL),(87,'Hepatitis B Surface antigen Confirmatory',1428.571428571428700,5,'2017-06-02 05:46:51','2017-07-27 15:47:56',NULL),(88,'Hepatitis C antibody (Anti-HCV)',476.190476190476200,2,'2017-06-02 05:46:51','2017-07-27 15:47:56',NULL),(89,'HCV Elisa',1428.571428571428700,5,'2017-06-02 05:46:51','2017-07-27 15:47:56',NULL),(90,'Hepatitis E IgM antibody (HEV IgM)',571.428571428571400,1,'2017-06-02 05:46:51','2017-07-27 15:47:56',NULL),(91,'HIV-I & II antibody (Rapid)',476.190476190476200,5,'2017-06-02 05:46:51','2017-07-27 15:47:56',NULL),(92,'HIV-I & II Elisa',857.142857142857100,5,'2017-06-02 05:46:51','2017-07-27 15:47:56',NULL),(93,'Herpex simplex Virus 1 IgG',666.666666666666600,1,'2017-06-02 05:46:51','2017-07-27 15:47:56',NULL),(94,'Herpex simplex Virus 1 IgM',666.666666666666600,1,'2017-06-02 05:46:51','2017-07-27 15:47:56',NULL),(95,'Herpex simplex Virus 2 IgG',666.666666666666600,1,'2017-06-02 05:46:51','2017-07-27 15:47:56',NULL),(96,'Herpex simplex Virus 2 IgM',666.666666666666600,1,'2017-06-02 05:46:51','2017-07-27 15:47:56',NULL),(97,'Iron',571.428571428571400,2,'2017-06-02 05:46:51','2017-07-27 15:47:57',NULL),(98,'Iron Profile',857.142857142857100,2,'2017-06-02 05:46:51','2017-07-27 15:47:57',NULL),(99,'Ketone bodies',71.428571428571430,1,'2017-06-02 05:46:51','2017-07-27 15:47:57',NULL),(100,'Renal Function Test',380.952380952380960,2,'2017-06-02 05:46:51','2017-07-27 15:47:57',NULL),(101,'LDH',476.190476190476200,1,'2017-06-02 05:46:51','2017-07-27 15:47:57',NULL),(102,'Leishmania antibody ( K- 39 )IgG &IgM',952.380952380952400,5,'2017-06-02 05:46:51','2017-07-27 15:47:57',NULL),(103,'Leptospira Ab(IgG/IgM)',952.380952380952400,1,'2017-06-02 05:46:51','2017-07-27 15:47:57',NULL),(104,'Leucocyte count (TLC)',71.428571428571430,1,'2017-06-02 05:46:51','2017-07-27 15:47:57',NULL),(105,'LH',1047.619047619047700,5,'2017-06-02 05:46:51','2017-07-27 15:47:57',NULL),(106,'Lipase',476.190476190476200,2,'2017-06-02 05:46:51','2017-07-27 15:47:57',NULL),(107,'Lipid Profile Test',476.190476190476200,2,'2017-06-02 05:46:51','2017-07-27 15:47:58',NULL),(108,'LFT-Liver function Test',476.190476190476200,2,'2017-06-02 05:46:51','2017-07-27 15:47:58',NULL),(109,'Magnesium',380.952380952380960,2,'2017-06-02 05:46:51','2017-07-27 15:47:58',NULL),(110,'Mantoux Test ( Tuberculin test)',95.238095238095240,5,'2017-06-02 05:46:51','2017-07-27 15:47:58',NULL),(111,'Mean Corpuscular Haemoglobin (MCH)',71.428571428571430,1,'2017-06-02 05:46:51','2017-07-27 15:47:58',NULL),(112,'Mean Corpuscular Haemoglobin Concentration(MCHC)',71.428571428571430,1,'2017-06-02 05:46:51','2017-07-27 15:47:58',NULL),(113,'Mean Corpuscular Volume ( MCV )',71.428571428571430,1,'2017-06-02 05:46:51','2017-07-27 15:47:58',NULL),(114,'Microalbumin',666.666666666666600,1,'2017-06-02 05:46:51','2017-07-27 15:47:58',NULL),(115,'Occult Blood',95.238095238095240,3,'2017-06-02 05:46:51','2017-07-27 15:47:58',NULL),(116,'Packed Cell Volume (PCV/HCT)',71.428571428571430,1,'2017-06-02 05:46:51','2017-07-27 15:47:58',NULL),(117,'Peripheral Blood Smear (PBS)',333.333333333333300,2,'2017-06-02 05:46:51','2017-07-27 15:47:59',NULL),(118,'Phosphorus',190.476190476190480,2,'2017-06-02 05:46:51','2017-07-27 15:47:59',NULL),(119,'Platelets Count',95.238095238095240,1,'2017-06-02 05:46:51','2017-07-27 15:47:59',NULL),(120,'Potassium',166.666666666666660,2,'2017-06-02 05:46:51','2017-07-27 15:48:03',NULL),(121,'Pregnancy Test (Detection of ? HCG)',142.857142857142860,4,'2017-06-02 05:46:51','2017-07-27 15:48:03',NULL),(122,'Prolactin',1047.619047619047700,2,'2017-06-02 05:46:51','2017-07-27 15:48:03',NULL),(123,'Protein(Total)',142.857142857142860,2,'2017-06-02 05:46:51','2017-07-27 15:48:03',NULL),(124,'Protein-Creat ratio',285.714285714285700,1,'2017-06-02 05:46:51','2017-07-27 15:48:03',NULL),(125,'Prothrombin Time ( PT/INR)',333.333333333333300,1,'2017-06-02 05:46:51','2017-07-27 15:48:03',NULL),(126,'PSA (Total)',1047.619047619047700,2,'2017-06-02 05:46:51','2017-07-27 15:48:04',NULL),(127,'PTH',2190.476190476190400,1,'2017-06-02 05:46:51','2017-07-27 15:48:04',NULL),(128,'Pus Culture & sensitivity',285.714285714285700,4,'2017-06-02 05:46:51','2017-07-27 15:48:04',NULL),(129,'Ra Factor Quantitative',428.571428571428560,5,'2017-06-02 05:46:51','2017-07-27 15:48:04',NULL),(130,'Ra Factor Test',285.714285714285700,5,'2017-06-02 05:46:51','2017-07-27 15:48:04',NULL),(131,'Red Blood cell count ( RBC )',71.428571428571430,1,'2017-06-02 05:46:51','2017-07-27 15:48:04',NULL),(132,'Reducing substance(Sugar)',95.238095238095240,3,'2017-06-02 05:46:51','2017-07-27 15:48:04',NULL),(133,'Reducing substance(Sugar)',95.238095238095240,1,'2017-06-02 05:46:51','2017-07-27 15:48:04',NULL),(134,'Reticulocyte count',95.238095238095240,1,'2017-06-02 05:46:51','2017-07-27 15:48:04',NULL),(135,'RPR(VDRL) Test',142.857142857142860,5,'2017-06-02 05:46:51','2017-07-27 15:48:04',NULL),(136,'Rubella IgG Ab',666.666666666666600,1,'2017-06-02 05:46:51','2017-07-27 15:48:04',NULL),(137,'Rubella IgM Ab',666.666666666666600,1,'2017-06-02 05:46:51','2017-07-27 15:48:05',NULL),(138,'Salmonella aggutination test (WIDAL)',190.476190476190480,1,'2017-06-02 05:46:51','2017-07-27 15:48:05',NULL),(139,'Semen Analysis',190.476190476190480,1,'2017-06-02 05:46:51','2017-07-27 15:48:05',NULL),(140,'Semen Culture & Sensitivity',333.333333333333300,4,'2017-06-02 05:46:51','2017-07-27 15:48:05',NULL),(141,'SGOT (AST)',142.857142857142860,2,'2017-06-02 05:46:51','2017-07-27 15:48:05',NULL),(142,'SGPT (ALT)',142.857142857142860,2,'2017-06-02 05:46:51','2017-07-27 15:48:05',NULL),(143,'Sodium',166.666666666666660,2,'2017-06-02 05:46:51','2017-07-27 15:48:05',NULL),(144,'Stool Culture & Sensitivity',333.333333333333300,4,'2017-06-02 05:46:51','2017-07-27 15:48:05',NULL),(145,'Stool Routine Examination',47.619047619047620,3,'2017-06-02 05:46:51','2017-07-27 15:48:05',NULL),(146,'Swab Culture & Sensitivity(Aerobic)',333.333333333333300,4,'2017-06-02 05:46:51','2017-07-27 15:48:06',NULL),(147,'Testosterone (Total)',1047.619047619047700,1,'2017-06-02 05:46:51','2017-07-27 15:48:06',NULL),(148,'T3 Free',380.952380952380960,5,'2017-06-02 05:46:51','2017-07-27 15:48:06',NULL),(149,'T4 Free',380.952380952380960,1,'2017-06-02 05:46:51','2017-07-27 15:48:06',NULL),(150,'TSH',380.952380952380960,1,'2017-06-02 05:46:51','2017-07-27 15:48:06',NULL),(151,'Thyroid Function Test (TFT)-Free',952.380952380952400,5,'2017-06-02 05:46:51','2017-07-27 15:48:06',NULL),(152,'TORCH IgG Ab',1714.285714285714200,1,'2017-06-02 05:46:51','2017-07-27 15:48:06',NULL),(153,'TORCH IgM Ab',1714.285714285714200,1,'2017-06-02 05:46:51','2017-07-27 15:48:06',NULL),(154,'TORCH Profile',3333.333333333333500,1,'2017-06-02 05:46:51','2017-07-27 15:48:06',NULL),(155,'Toxoplasma IgG Ab',857.142857142857100,1,'2017-06-02 05:46:51','2017-07-27 15:48:06',NULL),(156,'Toxoplasma IgM Ab',857.142857142857100,1,'2017-06-02 05:46:51','2017-07-27 15:48:06',NULL),(157,'TPHA Test',333.333333333333300,1,'2017-06-02 05:46:51','2017-07-27 15:48:06',NULL),(158,'TPHA Titre',666.666666666666600,1,'2017-06-02 05:46:51','2017-07-27 15:48:07',NULL),(159,'TPO-Ab',1428.571428571428700,1,'2017-06-02 05:46:51','2017-07-27 15:48:07',NULL),(160,'Troponin - I',714.285714285714300,1,'2017-06-02 05:46:51','2017-07-27 15:48:07',NULL),(161,'Estridiol(E2)',1047.619047619047700,1,'2017-06-02 05:46:51','2017-07-27 15:48:07',NULL),(162,'Urea',142.857142857142860,2,'2017-06-02 05:46:51','2017-07-27 15:48:07',NULL),(163,'Uric Acid',95.238095238095240,2,'2017-06-02 05:46:51','2017-07-27 15:48:07',NULL),(164,'Urine Routine(Examination)',47.619047619047620,3,'2017-06-02 05:46:51','2017-07-27 15:48:07',NULL),(165,'Urine Culture & Sensitivity',333.333333333333300,4,'2017-06-02 05:46:51','2017-07-27 15:48:07',NULL),(166,'Urobilinogen',47.619047619047620,1,'2017-06-02 05:46:51','2017-07-27 15:48:07',NULL),(167,'Vitamin B-12',1238.095238095238000,1,'2017-06-02 05:46:51','2017-07-27 15:48:07',NULL),(168,'Vitamin D-3 (OH)',2380.952380952380700,1,'2017-06-02 05:46:51','2017-07-27 15:48:07',NULL),(172,'Random blood sugar (RBS)',47.619047619047620,2,'2017-06-04 12:22:51','2017-07-27 15:48:07',NULL),(173,'Thyroid Function Test (50%)',476.190476190476200,2,'2017-06-05 11:50:36','2017-07-27 15:48:07',NULL),(174,'White Blood Cell Count (WBC)',71.428571428571430,1,'2017-07-12 09:06:56','2017-07-27 15:48:07',NULL),(175,'HCT',71.428571428571430,1,'2017-07-12 09:08:37','2017-07-27 15:48:07',NULL),(176,'Bilirubin (Direct)',142.857142857142860,2,'2017-07-12 09:35:52','2017-07-27 15:48:08',NULL),(177,'Triglyceride',142.857142857142860,2,'2017-07-12 10:08:02','2017-07-27 15:48:08',NULL),(178,'A/G Ratio',809.523809523809500,2,'2017-07-12 10:45:58','2017-07-27 15:48:08',NULL),(179,'HepatitisBSurface antigen (HBsAg)-ELISA',428.571428571428560,5,'2017-07-12 11:12:30','2017-07-27 15:48:08',NULL),(180,'Hepatitis A IgM antibody (HEV IgM)',571.428571428571400,5,'2017-07-12 11:16:32','2017-07-27 15:48:08',NULL),(181,'PSA (quantitative)',1047.619047619047700,2,'2017-07-12 11:58:20','2017-07-27 15:48:08',NULL);
/*!40000 ALTER TABLE `services` ENABLE KEYS */;
UNLOCK TABLES;

--
-- Table structure for table `temps`
--

DROP TABLE IF EXISTS `temps`;
/*!40101 SET @saved_cs_client     = @@character_set_client */;
/*!40101 SET character_set_client = utf8 */;
CREATE TABLE `temps` (
  `id` int(10) unsigned NOT NULL AUTO_INCREMENT,
  `service_id` int(11) NOT NULL,
  `service_name` varchar(191) COLLATE utf8mb4_unicode_ci NOT NULL,
  `amount` double(8,2) NOT NULL,
  `created_at` timestamp NULL DEFAULT NULL,
  `updated_at` timestamp NULL DEFAULT NULL,
  PRIMARY KEY (`id`)
) ENGINE=InnoDB DEFAULT CHARSET=utf8mb4 COLLATE=utf8mb4_unicode_ci;
/*!40101 SET character_set_client = @saved_cs_client */;

--
-- Dumping data for table `temps`
--

LOCK TABLES `temps` WRITE;
/*!40000 ALTER TABLE `temps` DISABLE KEYS */;
/*!40000 ALTER TABLE `temps` ENABLE KEYS */;
UNLOCK TABLES;

--
-- Table structure for table `test_antibiotic_results`
--

DROP TABLE IF EXISTS `test_antibiotic_results`;
/*!40101 SET @saved_cs_client     = @@character_set_client */;
/*!40101 SET character_set_client = utf8 */;
CREATE TABLE `test_antibiotic_results` (
  `id` int(10) unsigned NOT NULL AUTO_INCREMENT,
  `test_report_id` int(11) NOT NULL,
  `test_antibiotic_id` varchar(191) COLLATE utf8mb4_unicode_ci NOT NULL,
  `result` varchar(191) COLLATE utf8mb4_unicode_ci NOT NULL,
  `created_at` timestamp NULL DEFAULT NULL,
  `updated_at` timestamp NULL DEFAULT NULL,
  PRIMARY KEY (`id`)
) ENGINE=InnoDB DEFAULT CHARSET=utf8mb4 COLLATE=utf8mb4_unicode_ci;
/*!40101 SET character_set_client = @saved_cs_client */;

--
-- Dumping data for table `test_antibiotic_results`
--

LOCK TABLES `test_antibiotic_results` WRITE;
/*!40000 ALTER TABLE `test_antibiotic_results` DISABLE KEYS */;
/*!40000 ALTER TABLE `test_antibiotic_results` ENABLE KEYS */;
UNLOCK TABLES;

--
-- Table structure for table `test_antibiotics`
--

DROP TABLE IF EXISTS `test_antibiotics`;
/*!40101 SET @saved_cs_client     = @@character_set_client */;
/*!40101 SET character_set_client = utf8 */;
CREATE TABLE `test_antibiotics` (
  `id` int(10) unsigned NOT NULL AUTO_INCREMENT,
  `name` varchar(191) COLLATE utf8mb4_unicode_ci NOT NULL,
  `created_at` timestamp NULL DEFAULT NULL,
  `updated_at` timestamp NULL DEFAULT NULL,
  PRIMARY KEY (`id`)
) ENGINE=InnoDB AUTO_INCREMENT=16 DEFAULT CHARSET=utf8mb4 COLLATE=utf8mb4_unicode_ci;
/*!40101 SET character_set_client = @saved_cs_client */;

--
-- Dumping data for table `test_antibiotics`
--

LOCK TABLES `test_antibiotics` WRITE;
/*!40000 ALTER TABLE `test_antibiotics` DISABLE KEYS */;
INSERT INTO `test_antibiotics` VALUES (1,'Ciprofloxacin','2017-07-12 14:34:37','2017-07-12 14:34:37'),(2,'Ofloxacin','2017-07-12 14:34:43','2017-07-12 14:34:43'),(3,'Chloramphenicol','2017-07-12 14:34:50','2017-07-12 14:34:50'),(4,'Cephalexin','2017-07-12 14:34:56','2017-07-12 14:34:56'),(5,'Ceftriaxone','2017-07-12 14:35:04','2017-07-12 14:35:04'),(6,'Cotrimoxazole','2017-07-12 14:35:11','2017-07-12 14:35:11'),(7,'Amoxicillin','2017-07-12 14:35:17','2017-07-12 14:35:17'),(8,'Cephadroxilo','2017-07-12 14:35:22','2017-07-12 14:35:22'),(9,'Norfloxacin','2017-07-12 14:35:44','2017-07-12 14:35:44'),(10,'Nitrofurantoin','2017-07-12 14:36:02','2017-07-12 14:36:02'),(11,'Co-trimoxazole','2017-07-12 14:36:16','2017-07-12 14:36:16'),(12,'Cefixime','2017-07-12 14:36:51','2017-07-12 14:36:51'),(13,'Erythromycin','2017-07-12 14:37:17','2017-07-12 14:37:17'),(14,'Gentamicin','2017-07-12 14:37:49','2017-07-12 14:37:49'),(15,'Amikacin','2017-07-12 14:37:56','2017-07-12 14:37:56');
/*!40000 ALTER TABLE `test_antibiotics` ENABLE KEYS */;
UNLOCK TABLES;

--
-- Table structure for table `test_examinations`
--

DROP TABLE IF EXISTS `test_examinations`;
/*!40101 SET @saved_cs_client     = @@character_set_client */;
/*!40101 SET character_set_client = utf8 */;
CREATE TABLE `test_examinations` (
  `id` int(10) unsigned NOT NULL AUTO_INCREMENT,
  `test_id` int(10) unsigned NOT NULL,
  `macroscopics` varchar(191) COLLATE utf8mb4_unicode_ci NOT NULL,
  `microscopics` varchar(191) COLLATE utf8mb4_unicode_ci NOT NULL,
  `created_at` timestamp NULL DEFAULT NULL,
  `updated_at` timestamp NULL DEFAULT NULL,
  PRIMARY KEY (`id`),
  KEY `test_examinations_test_id_foreign` (`test_id`)
) ENGINE=InnoDB AUTO_INCREMENT=4 DEFAULT CHARSET=utf8mb4 COLLATE=utf8mb4_unicode_ci;
/*!40101 SET character_set_client = @saved_cs_client */;

--
-- Dumping data for table `test_examinations`
--

LOCK TABLES `test_examinations` WRITE;
/*!40000 ALTER TABLE `test_examinations` DISABLE KEYS */;
INSERT INTO `test_examinations` VALUES (1,164,'a:5:{i:0;s:5:\"Color\";i:1;s:12:\"Transparency\";i:2;s:8:\"Reaction\";i:3;s:5:\"Sugar\";i:4;s:7:\"Albumin\";}','a:6:{i:0;s:9:\"Pus Cells\";i:1;s:16:\"Epithelial Cells\";i:2;s:4:\"RBCs\";i:3;s:10:\"Cast Cells\";i:4;s:8:\"Crystals\";i:5;s:6:\"Others\";}','2017-07-12 14:04:49','2017-07-12 14:04:49'),(2,145,'a:4:{i:0;s:5:\"Color\";i:1;s:11:\"Consistency\";i:2;s:5:\"Blood\";i:3;s:5:\"Mucus\";}','a:6:{i:0;s:9:\"Pus Cells\";i:1;s:15:\"Red blood cells\";i:2;s:25:\"Undigested food particles\";i:3;s:11:\"Ova or Cyst\";i:4;s:17:\"Larva/Trophozoits\";i:5;s:13:\"Fat droplets.\";}','2017-07-12 14:10:53','2017-07-12 14:10:53'),(3,139,'a:8:{i:0;s:5:\"Color\";i:1;s:15:\"Collection Time\";i:2;s:18:\"Liquification Time\";i:3;s:14:\"Examation Time\";i:4;s:6:\"Volume\";i:5;s:8:\"Reaction\";i:6;s:9:\"Viscosity\";i:7;N;}','a:5:{i:0;s:17:\"Total Sperm Count\";i:1;s:8:\"Motility\";i:2;s:10:\"Morphology\";i:3;s:8:\"Pus cell\";i:4;s:8:\"RBC cell\";}','2017-07-12 14:55:30','2017-07-12 14:55:30');
/*!40000 ALTER TABLE `test_examinations` ENABLE KEYS */;
UNLOCK TABLES;

--
-- Table structure for table `test_reference_results`
--

DROP TABLE IF EXISTS `test_reference_results`;
/*!40101 SET @saved_cs_client     = @@character_set_client */;
/*!40101 SET character_set_client = utf8 */;
CREATE TABLE `test_reference_results` (
  `id` int(10) unsigned NOT NULL AUTO_INCREMENT,
  `test_report_id` int(11) NOT NULL,
  `test_reference_id` int(11) NOT NULL,
  `result` varchar(191) COLLATE utf8mb4_unicode_ci NOT NULL,
  `flag` varchar(191) COLLATE utf8mb4_unicode_ci NOT NULL,
  `created_at` timestamp NULL DEFAULT NULL,
  `updated_at` timestamp NULL DEFAULT NULL,
  PRIMARY KEY (`id`)
) ENGINE=InnoDB DEFAULT CHARSET=utf8mb4 COLLATE=utf8mb4_unicode_ci;
/*!40101 SET character_set_client = @saved_cs_client */;

--
-- Dumping data for table `test_reference_results`
--

LOCK TABLES `test_reference_results` WRITE;
/*!40000 ALTER TABLE `test_reference_results` DISABLE KEYS */;
/*!40000 ALTER TABLE `test_reference_results` ENABLE KEYS */;
UNLOCK TABLES;

--
-- Table structure for table `test_references`
--

DROP TABLE IF EXISTS `test_references`;
/*!40101 SET @saved_cs_client     = @@character_set_client */;
/*!40101 SET character_set_client = utf8 */;
CREATE TABLE `test_references` (
  `id` int(10) unsigned NOT NULL AUTO_INCREMENT,
  `test_id` int(10) unsigned DEFAULT NULL,
  `name` varchar(191) COLLATE utf8mb4_unicode_ci NOT NULL,
  `unit` varchar(191) COLLATE utf8mb4_unicode_ci DEFAULT NULL,
  `range` varchar(191) COLLATE utf8mb4_unicode_ci DEFAULT NULL,
  `parent_id` int(10) unsigned DEFAULT NULL,
  `created_at` timestamp NULL DEFAULT NULL,
  `updated_at` timestamp NULL DEFAULT NULL,
  `deleted_at` timestamp NULL DEFAULT NULL,
  PRIMARY KEY (`id`)
) ENGINE=InnoDB AUTO_INCREMENT=61 DEFAULT CHARSET=utf8mb4 COLLATE=utf8mb4_unicode_ci;
/*!40101 SET character_set_client = @saved_cs_client */;

--
-- Dumping data for table `test_references`
--

LOCK TABLES `test_references` WRITE;
/*!40000 ALTER TABLE `test_references` DISABLE KEYS */;
INSERT INTO `test_references` VALUES (1,NULL,'Blood sugar Random','mg/dl','70-140',NULL,'2017-07-12 11:54:32','2017-07-12 11:54:32',NULL),(2,NULL,'Haemoglobin (Hb)','gm/dl','M(13  18), F(11  16)',NULL,'2017-07-12 13:03:40','2017-07-12 13:03:40',NULL),(3,NULL,'Total WBC Count','/cumm','4000-11000',NULL,'2017-07-12 13:04:45','2017-07-12 13:06:21',NULL),(4,NULL,'Differential Count',NULL,NULL,NULL,'2017-07-12 13:07:10','2017-07-12 13:07:10',NULL),(5,NULL,'Neutrophil','%','40-70',4,'2017-07-12 13:07:35','2017-07-12 13:12:33',NULL),(6,NULL,'Lymphocytes','%','20-45',4,'2017-07-12 13:08:01','2017-07-12 13:08:01',NULL),(7,NULL,'Monocyte','%','01-08',4,'2017-07-12 13:13:14','2017-07-12 13:13:14',NULL),(8,NULL,'Eosinophil','%','01-06',4,'2017-07-12 13:13:37','2017-07-12 13:13:37',NULL),(9,NULL,'Basophil','%','00-01',4,'2017-07-12 13:13:58','2017-07-12 13:13:58',NULL),(10,NULL,'Platelets','/cumm','150000-400000',NULL,'2017-07-12 13:14:40','2017-07-12 13:14:40',NULL),(11,NULL,'Total RBC Count','x10 ^6/L','M(4.63  6.08), F(3.93  5.22)',NULL,'2017-07-12 13:16:11','2017-07-12 13:16:11',NULL),(12,NULL,'Total Protein','g/dl','0.3-4.0',NULL,'2017-07-12 13:16:33','2017-07-12 13:16:33',NULL),(13,NULL,'HCT','%','M(40.1  51.0), F(34.1  44.9)',NULL,'2017-07-12 13:17:05','2017-07-12 13:17:05',NULL),(14,NULL,'MCV','fL','M(79.0  92.2), F(79.4  94.8)',NULL,'2017-07-12 13:18:23','2017-07-12 13:18:23',NULL),(15,NULL,'MCH','PG','M(25.7  32.2), F(25.6  32.2)',NULL,'2017-07-12 13:19:15','2017-07-12 13:19:15',NULL),(16,NULL,'MCHC','g/dl','M(32.3  36.5), F(32.2  35.5)',NULL,'2017-07-12 13:19:39','2017-07-12 13:19:39',NULL),(17,NULL,'Blood Glucose Fasting','mg/dl','70-110',NULL,'2017-07-12 13:19:43','2017-07-12 15:16:07',NULL),(18,NULL,'ADA','U/L','0- 10',NULL,'2017-07-12 13:23:48','2017-07-12 14:34:08',NULL),(19,NULL,'Blood Group',NULL,NULL,NULL,'2017-07-12 13:25:43','2017-07-12 13:25:43',NULL),(20,NULL,'Urea','mg/dl','15-45',NULL,'2017-07-12 14:27:22','2017-07-12 14:27:22',NULL),(21,NULL,'Creatinine','mg/dl','M(0.7-1.3), F(0.6-1.1)',NULL,'2017-07-12 14:28:12','2017-07-12 14:28:12',NULL),(22,NULL,'Sodium','mmol/L','135-145',NULL,'2017-07-12 14:28:52','2017-07-12 14:28:52',NULL),(23,NULL,'Potassium','mmol/L','3.5-5.5',NULL,'2017-07-12 14:29:24','2017-07-12 14:29:24',NULL),(24,NULL,'Uric Acid','mg/dl','M(3.5-7.0), F(2.5-6.0)',NULL,'2017-07-12 14:30:07','2017-07-12 14:30:07',NULL),(25,NULL,'Bilirubin (Total)','mg/dl','0.2-1.2',NULL,'2017-07-12 14:30:41','2017-07-12 14:30:41',NULL),(26,NULL,'Bilirubin (Direct)','mg/dl','0.1-0.4',NULL,'2017-07-12 14:31:12','2017-07-12 14:31:12',NULL),(27,NULL,'SGPT (ALT)','IU/L','Upto 40',NULL,'2017-07-12 14:32:12','2017-07-12 14:32:12',NULL),(28,NULL,'SGOT (AST)','IU/L','Upto 40',NULL,'2017-07-12 14:32:48','2017-07-12 14:32:48',NULL),(29,NULL,'Alkaline Phosphatase','U/L','80-240',NULL,'2017-07-12 14:33:15','2017-07-12 14:33:15',NULL),(30,NULL,'Total Cholesterol','mg/dl','0 - 200',NULL,'2017-07-12 14:33:59','2017-07-12 14:33:59',NULL),(31,NULL,'Triglyceride','mg/dl','0 -150',NULL,'2017-07-12 14:35:08','2017-07-12 14:35:08',NULL),(32,NULL,'HDL','mg/dl','35-60',NULL,'2017-07-12 14:35:59','2017-07-12 14:35:59',NULL),(33,NULL,'LDL','mg/dl','0 - 100',NULL,'2017-07-12 14:37:45','2017-07-12 14:37:45',NULL),(34,NULL,'VLDL','mg/dl','0 - 30',NULL,'2017-07-12 14:38:20','2017-07-12 14:38:20',NULL),(35,NULL,'HBA1C','%','Normal : 0-5.7% , Pre-diabetes :5.7-6.4%,  Diabetic : 0-6.4%',NULL,'2017-07-12 14:58:51','2017-07-12 14:58:51',NULL),(36,NULL,'Blood Glucose PP','mg/dl','Non-diabetic : 70-140 American Diabetes   : 0 - 180',NULL,'2017-07-12 15:17:57','2017-07-12 15:35:35',NULL),(37,NULL,'Blood Glucose Random','mg/dl','80 - 140',NULL,'2017-07-12 15:19:20','2017-07-12 15:19:20',NULL),(38,NULL,'Blood Urea','mg/dl','15 - 45',NULL,'2017-07-12 15:20:37','2017-07-12 15:20:37',NULL),(40,NULL,'HDL Cholesterol','mg/dl','> 55    (No Risk) 35-45  (Moderate Risk) < 35     (High Risk)',NULL,'2017-07-12 15:28:52','2017-07-12 15:28:52',NULL),(41,NULL,'LDL  Cholesterol','mg/dl','0-130',NULL,'2017-07-12 15:29:54','2017-07-12 15:29:54',NULL),(42,NULL,'Thyroid Function Test (TFT)',NULL,NULL,NULL,'2017-07-12 15:31:57','2017-07-12 15:31:57',NULL),(43,NULL,'TSH','uIU/ml','0.40-5.50',42,'2017-07-12 15:32:28','2017-07-12 15:32:28',NULL),(44,NULL,'GOT (AST)','IU/L','Upto 40',NULL,'2017-07-12 15:32:43','2017-07-12 15:32:43',NULL),(45,NULL,'T3','ng/ml','0.60-1.81',42,'2017-07-12 15:34:00','2017-07-12 15:34:00',NULL),(46,NULL,'T4','ug/dl','5.0-12.5',42,'2017-07-12 15:34:24','2017-07-12 15:34:24',NULL),(47,NULL,'FT3','pg/ml','3.5-6.5',42,'2017-07-12 15:34:45','2017-07-12 15:34:45',NULL),(48,NULL,'FT4','ng/dl','9.0-23.0',42,'2017-07-12 15:35:07','2017-07-12 15:35:07',NULL),(49,NULL,'Albumin','gm/dl','3.5  5.0',NULL,'2017-07-12 15:35:12','2017-07-12 15:35:37',NULL),(50,NULL,'A/G Ratio','mg/l','0.9  2.1',NULL,'2017-07-12 15:36:26','2017-07-24 12:26:36',NULL),(51,NULL,'CPK','U/L','Male : 46 -171 Female : 34 - 145',NULL,'2017-07-12 15:37:24','2017-07-12 15:37:24',NULL),(52,NULL,'CPK-MB','U/L','below 25',NULL,'2017-07-12 15:37:55','2017-07-12 15:37:55',NULL),(53,NULL,'Amylase','U/L','0-86',NULL,'2017-07-12 15:38:37','2017-07-12 15:38:37',NULL),(54,NULL,'LDH','U/L','Adults : 125  220 Children : 180 - 360',NULL,'2017-07-12 15:39:12','2017-07-12 15:39:12',NULL),(55,NULL,'Gamma GT','U/L','0-32',NULL,'2017-07-12 15:40:20','2017-07-12 15:40:20',NULL),(56,NULL,'free PSA','ng/ml','0- 0.42',NULL,'2017-07-12 15:40:40','2017-07-12 15:42:11',NULL),(57,NULL,'PSA (quantitative)','ng/ml','<4  Normal 4-10  probably BPH >10 probably',NULL,'2017-07-12 15:43:48','2017-07-12 15:43:48',NULL),(58,NULL,'testosterone','ng/ml','0.10-0.96',NULL,'2017-07-12 15:44:29','2017-07-12 15:44:29',NULL),(59,NULL,'Acid Phosphatase','U/L','80-240',NULL,'2017-07-24 13:11:23','2017-07-24 13:11:23',NULL),(60,NULL,'Beta-HCG Level',NULL,NULL,NULL,'2017-07-25 16:09:51','2017-07-25 16:09:51',NULL);
/*!40000 ALTER TABLE `test_references` ENABLE KEYS */;
UNLOCK TABLES;

--
-- Table structure for table `test_reports`
--

DROP TABLE IF EXISTS `test_reports`;
/*!40101 SET @saved_cs_client     = @@character_set_client */;
/*!40101 SET character_set_client = utf8 */;
CREATE TABLE `test_reports` (
  `id` int(10) unsigned NOT NULL AUTO_INCREMENT,
  `report_id` int(10) unsigned NOT NULL,
  `test_id` int(10) unsigned NOT NULL,
  `report_type` varchar(191) COLLATE utf8mb4_unicode_ci NOT NULL,
  `sample` tinyint(1) NOT NULL DEFAULT '0',
  `status` tinyint(1) NOT NULL DEFAULT '0',
  `created_at` timestamp NULL DEFAULT NULL,
  `updated_at` timestamp NULL DEFAULT NULL,
  `deleted_at` timestamp NULL DEFAULT NULL,
  PRIMARY KEY (`id`),
  KEY `test_reports_test_id_foreign` (`test_id`),
  KEY `test_reports_report_id_foreign` (`report_id`)
) ENGINE=InnoDB AUTO_INCREMENT=5 DEFAULT CHARSET=utf8mb4 COLLATE=utf8mb4_unicode_ci;
/*!40101 SET character_set_client = @saved_cs_client */;

--
-- Dumping data for table `test_reports`
--

LOCK TABLES `test_reports` WRITE;
/*!40000 ALTER TABLE `test_reports` DISABLE KEYS */;
INSERT INTO `test_reports` VALUES (1,1,138,'widal',1,1,'2017-07-26 16:11:00','2017-07-26 17:04:38',NULL),(2,2,138,'widal',1,0,'2017-07-27 15:00:35','2017-07-27 15:01:50',NULL),(3,3,1,'haematology',0,0,'2017-07-29 08:37:53','2017-07-29 08:37:53',NULL),(4,3,4,'haematology',0,0,'2017-07-29 08:37:53','2017-07-29 08:37:53',NULL);
/*!40000 ALTER TABLE `test_reports` ENABLE KEYS */;
UNLOCK TABLES;

--
-- Table structure for table `test_results`
--

DROP TABLE IF EXISTS `test_results`;
/*!40101 SET @saved_cs_client     = @@character_set_client */;
/*!40101 SET character_set_client = utf8 */;
CREATE TABLE `test_results` (
  `id` int(10) unsigned NOT NULL AUTO_INCREMENT,
  `test_report_id` int(10) unsigned NOT NULL,
  `result` text COLLATE utf8mb4_unicode_ci,
  `status` tinyint(1) NOT NULL DEFAULT '0',
  `created_at` timestamp NULL DEFAULT NULL,
  `updated_at` timestamp NULL DEFAULT NULL,
  `deleted_at` timestamp NULL DEFAULT NULL,
  PRIMARY KEY (`id`),
  KEY `test_results_test_report_id_foreign` (`test_report_id`)
) ENGINE=InnoDB AUTO_INCREMENT=2 DEFAULT CHARSET=utf8mb4 COLLATE=utf8mb4_unicode_ci;
/*!40101 SET character_set_client = @saved_cs_client */;

--
-- Dumping data for table `test_results`
--

LOCK TABLES `test_results` WRITE;
/*!40000 ALTER TABLE `test_results` DISABLE KEYS */;
INSERT INTO `test_results` VALUES (1,2,'a:4:{s:8:\"antigens\";a:4:{i:0;s:12:\"Salmonella I\";i:1;s:12:\"Salmonella I\";i:2;s:12:\"Salmonella I\";i:3;s:12:\"Salmonella I\";}s:7:\"results\";a:4:{i:0;s:13:\"Agglutination\";i:1;s:13:\"Agglutination\";i:2;s:16:\"No Agglutination\";i:3;s:16:\"No Agglutination\";}s:14:\"agglutinations\";a:4:{i:0;s:14:\"Less than 1:80\";i:1;s:14:\"Less than 1:80\";i:2;s:14:\"Less than 1:80\";i:3;s:14:\"Less than 1:80\";}s:12:\"significants\";a:4:{i:0;s:14:\"Less than 1:80\";i:1;s:14:\"Less than 1:80\";i:2;s:14:\"Less than 1:80\";i:3;s:14:\"Less than 1:80\";}}',1,'2017-07-27 15:01:50','2017-07-27 15:49:16',NULL);
/*!40000 ALTER TABLE `test_results` ENABLE KEYS */;
UNLOCK TABLES;

--
-- Table structure for table `test_stains`
--

DROP TABLE IF EXISTS `test_stains`;
/*!40101 SET @saved_cs_client     = @@character_set_client */;
/*!40101 SET character_set_client = utf8 */;
CREATE TABLE `test_stains` (
  `id` int(10) unsigned NOT NULL AUTO_INCREMENT,
  `test_id` int(10) unsigned NOT NULL,
  `test_names` varchar(191) COLLATE utf8mb4_unicode_ci NOT NULL,
  `created_at` timestamp NULL DEFAULT NULL,
  `updated_at` timestamp NULL DEFAULT NULL,
  PRIMARY KEY (`id`),
  KEY `test_stains_test_id_foreign` (`test_id`)
) ENGINE=InnoDB AUTO_INCREMENT=4 DEFAULT CHARSET=utf8mb4 COLLATE=utf8mb4_unicode_ci;
/*!40101 SET character_set_client = @saved_cs_client */;

--
-- Dumping data for table `test_stains`
--

LOCK TABLES `test_stains` WRITE;
/*!40000 ALTER TABLE `test_stains` DISABLE KEYS */;
INSERT INTO `test_stains` VALUES (1,80,'a:5:{i:0;s:6:\"Sample\";i:1;s:9:\"Pus cells\";i:2;s:16:\"Epithelial cells\";i:3;s:22:\"Bacteria/Microorganism\";i:4;s:27:\"Pus Culture and Sensitivity\";}','2017-07-12 15:21:27','2017-07-12 15:21:27'),(2,9,'a:3:{i:0;s:24:\"AFB Stain  of 1st sample\";i:1;s:24:\"AFB Stain  of 2nd sample\";i:2;s:24:\"AFB Stain  of 3rd sample\";}','2017-07-12 15:22:12','2017-07-12 15:22:12'),(3,10,'a:3:{i:0;s:25:\"AFB Stain  of 1st  sample\";i:1;s:24:\"AFB Stain  of 2nd sample\";i:2;s:24:\"AFB Stain  of 3rd sample\";}','2017-07-12 15:22:43','2017-07-12 15:22:43');
/*!40000 ALTER TABLE `test_stains` ENABLE KEYS */;
UNLOCK TABLES;

--
-- Table structure for table `test_test_antibiotic`
--

DROP TABLE IF EXISTS `test_test_antibiotic`;
/*!40101 SET @saved_cs_client     = @@character_set_client */;
/*!40101 SET character_set_client = utf8 */;
CREATE TABLE `test_test_antibiotic` (
  `id` int(10) unsigned NOT NULL AUTO_INCREMENT,
  `test_id` int(11) NOT NULL,
  `test_antibiotic_id` int(11) NOT NULL,
  `created_at` timestamp NULL DEFAULT NULL,
  `updated_at` timestamp NULL DEFAULT NULL,
  PRIMARY KEY (`id`)
) ENGINE=InnoDB AUTO_INCREMENT=7 DEFAULT CHARSET=utf8mb4 COLLATE=utf8mb4_unicode_ci;
/*!40101 SET character_set_client = @saved_cs_client */;

--
-- Dumping data for table `test_test_antibiotic`
--

LOCK TABLES `test_test_antibiotic` WRITE;
/*!40000 ALTER TABLE `test_test_antibiotic` DISABLE KEYS */;
INSERT INTO `test_test_antibiotic` VALUES (1,34,1,NULL,NULL),(2,34,2,NULL,NULL),(3,34,4,NULL,NULL),(4,34,5,NULL,NULL),(5,34,6,NULL,NULL),(6,34,14,NULL,NULL);
/*!40000 ALTER TABLE `test_test_antibiotic` ENABLE KEYS */;
UNLOCK TABLES;

--
-- Table structure for table `test_test_reference`
--

DROP TABLE IF EXISTS `test_test_reference`;
/*!40101 SET @saved_cs_client     = @@character_set_client */;
/*!40101 SET character_set_client = utf8 */;
CREATE TABLE `test_test_reference` (
  `id` int(10) unsigned NOT NULL AUTO_INCREMENT,
  `test_id` int(11) NOT NULL,
  `test_reference_id` int(11) NOT NULL,
  `created_at` timestamp NULL DEFAULT NULL,
  `updated_at` timestamp NULL DEFAULT NULL,
  `deleted_at` timestamp NULL DEFAULT NULL,
  PRIMARY KEY (`id`)
) ENGINE=InnoDB AUTO_INCREMENT=57 DEFAULT CHARSET=utf8mb4 COLLATE=utf8mb4_unicode_ci;
/*!40101 SET character_set_client = @saved_cs_client */;

--
-- Dumping data for table `test_test_reference`
--

LOCK TABLES `test_test_reference` WRITE;
/*!40000 ALTER TABLE `test_test_reference` DISABLE KEYS */;
INSERT INTO `test_test_reference` VALUES (2,52,2,NULL,NULL,NULL),(3,52,3,NULL,NULL,NULL),(4,52,4,NULL,NULL,NULL),(5,52,10,NULL,NULL,NULL),(6,52,11,NULL,NULL,NULL),(7,52,13,NULL,NULL,NULL),(8,52,14,NULL,NULL,NULL),(9,52,15,NULL,NULL,NULL),(10,52,16,NULL,NULL,NULL),(11,82,2,NULL,NULL,NULL),(12,173,3,NULL,NULL,NULL),(13,66,4,NULL,NULL,NULL),(14,119,10,NULL,NULL,NULL),(15,131,11,NULL,NULL,NULL),(16,174,13,NULL,NULL,NULL),(17,113,14,NULL,NULL,NULL),(18,111,15,NULL,NULL,NULL),(19,112,16,NULL,NULL,NULL),(20,171,24,NULL,NULL,NULL),(21,162,20,NULL,NULL,NULL),(22,100,20,NULL,NULL,NULL),(23,100,21,NULL,NULL,NULL),(24,100,22,NULL,NULL,NULL),(25,100,23,NULL,NULL,NULL),(26,108,25,NULL,NULL,NULL),(27,108,26,NULL,NULL,NULL),(28,108,27,NULL,NULL,NULL),(29,108,28,NULL,NULL,NULL),(35,75,17,NULL,NULL,NULL),(36,100,24,NULL,NULL,NULL),(37,108,29,NULL,NULL,NULL),(38,178,32,NULL,NULL,NULL),(39,178,33,NULL,NULL,NULL),(40,178,34,NULL,NULL,NULL),(41,178,30,NULL,NULL,NULL),(42,178,31,NULL,NULL,NULL),(43,1,9,NULL,NULL,NULL),(44,2,8,NULL,NULL,NULL),(45,151,42,NULL,NULL,NULL),(46,16,53,NULL,NULL,NULL),(47,3,5,NULL,NULL,NULL),(48,13,49,NULL,NULL,NULL),(49,4,59,NULL,NULL,NULL),(50,175,25,NULL,NULL,NULL),(51,45,30,NULL,NULL,NULL),(52,56,21,NULL,NULL,NULL),(53,120,23,NULL,NULL,NULL),(54,143,22,NULL,NULL,NULL),(55,101,54,NULL,NULL,NULL),(56,181,42,NULL,NULL,NULL);
/*!40000 ALTER TABLE `test_test_reference` ENABLE KEYS */;
UNLOCK TABLES;

--
-- Table structure for table `tests`
--

DROP TABLE IF EXISTS `tests`;
/*!40101 SET @saved_cs_client     = @@character_set_client */;
/*!40101 SET character_set_client = utf8 */;
CREATE TABLE `tests` (
  `id` int(10) unsigned NOT NULL AUTO_INCREMENT,
  `service_id` int(10) unsigned NOT NULL,
  `name` varchar(191) COLLATE utf8mb4_unicode_ci NOT NULL,
  `report_type` varchar(191) COLLATE utf8mb4_unicode_ci NOT NULL,
  `description` varchar(191) COLLATE utf8mb4_unicode_ci DEFAULT NULL,
  `created_at` timestamp NULL DEFAULT NULL,
  `updated_at` timestamp NULL DEFAULT NULL,
  `deleted_at` timestamp NULL DEFAULT NULL,
  PRIMARY KEY (`id`)
) ENGINE=InnoDB AUTO_INCREMENT=183 DEFAULT CHARSET=utf8mb4 COLLATE=utf8mb4_unicode_ci;
/*!40101 SET character_set_client = @saved_cs_client */;

--
-- Dumping data for table `tests`
--

LOCK TABLES `tests` WRITE;
/*!40000 ALTER TABLE `tests` DISABLE KEYS */;
INSERT INTO `tests` VALUES (1,1,'Absolute Basophil Count (ABC)','haematology',NULL,'2017-06-02 09:51:02','2017-07-12 15:01:39',NULL),(2,2,'Absolute Eosinophil Count (AEC)','haematology',NULL,'2017-06-02 09:51:02','2017-07-12 15:49:40',NULL),(3,3,'Absolute Neutrophil Count (ANC)','haematology',NULL,'2017-06-02 09:51:02','2017-07-12 15:53:49',NULL),(4,4,'Acid Phosphatase (AP)','haematology',NULL,'2017-06-02 09:51:02','2017-07-14 13:23:36',NULL),(8,8,'Adenosene Deaminase( ADA )','haematology',NULL,'2017-06-02 09:51:02','2017-07-12 15:19:31',NULL),(9,9,'AFB ( Acid fast) )Stain','stain',NULL,'2017-06-02 09:51:02','2017-07-12 15:09:05',NULL),(10,10,'AFB ( Ziehlneelsen )Stain','stain',NULL,'2017-06-02 09:51:02','2017-07-12 15:10:41',NULL),(12,12,'AFP ( Alpha Feto Protein )','haematology',NULL,'2017-06-02 09:51:02','2017-07-14 13:24:00',NULL),(13,13,'Albumin (A)','biochemistry',NULL,'2017-06-02 09:51:02','2017-07-14 13:24:13',NULL),(15,15,'Alkaline Phosphatase (AP)','biochemistry',NULL,'2017-06-02 09:51:02','2017-07-12 15:20:33',NULL),(16,16,'Amylase (AM)','biochemistry',NULL,'2017-06-02 09:51:02','2017-07-14 13:25:12',NULL),(18,18,'ANA','biochemistry',NULL,'2017-06-02 09:51:02','2017-07-14 13:25:25',NULL),(19,19,'Anti CCP','haematology',NULL,'2017-06-02 09:51:02','2017-07-14 13:25:49',NULL),(20,20,'Anti Phospolipid IgG','haematology',NULL,'2017-06-02 09:51:02','2017-07-14 13:26:03',NULL),(21,21,'Anti Phospolipid IgM','haematology',NULL,'2017-06-02 09:51:02','2017-07-14 13:26:19',NULL),(22,22,'Anti TPO','haematology',NULL,'2017-06-02 09:51:02','2017-07-14 13:26:39',NULL),(23,23,'Anticardiolipin IgG','haematology',NULL,'2017-06-02 09:51:02','2017-07-14 13:26:51',NULL),(24,24,'Anticardiolipin IgM','haematology',NULL,'2017-06-02 09:51:02','2017-07-14 13:27:07',NULL),(25,25,'Activated Partial Thromboplastin Time( APTT )','haematology',NULL,'2017-06-02 09:51:02','2017-07-14 13:27:26',NULL),(26,26,'ASO Test','immunology',NULL,'2017-06-02 09:51:02','2017-07-12 15:55:21',NULL),(27,27,'ASO Titre','immunology',NULL,'2017-06-02 09:51:02','2017-07-12 15:55:48',NULL),(28,28,'ASO Quantitaive','immunology',NULL,'2017-06-02 09:51:02','2017-07-14 13:27:55',NULL),(29,29,'Bence jones Protein (BJP)','haematology',NULL,'2017-06-02 09:51:02','2017-07-14 13:28:09',NULL),(30,30,'Beta HCG-Free','biochemistry',NULL,'2017-06-02 09:51:02','2017-07-14 13:28:28',NULL),(31,31,'Serum Bicarbonate ( SB )','immunology',NULL,'2017-06-02 09:51:02','2017-07-14 13:31:00',NULL),(33,33,'Bleeding Time( BT )','haematology',NULL,'2017-06-02 09:51:02','2017-07-14 13:44:06',NULL),(34,34,'Blood Culture & Sensitivity ( BCS )','microbiology',NULL,'2017-06-02 09:51:02','2017-07-14 13:44:39',NULL),(35,35,'Blood Grouping Rh typing ( BGRT )','haematology',NULL,'2017-06-02 09:51:02','2017-07-12 15:25:19',NULL),(36,36,'Brucella Ab Test ( BAT )','biochemistry',NULL,'2017-06-02 09:51:02','2017-07-14 13:45:14',NULL),(37,37,'Blood Urea Nitrogen ( BUN )','biochemistry',NULL,'2017-06-02 09:51:02','2017-07-14 13:45:35',NULL),(38,38,'CA-15.3','biochemistry',NULL,'2017-06-02 09:51:02','2017-07-14 13:45:55',NULL),(39,39,'CA-19.9','biochemistry',NULL,'2017-06-02 09:51:02','2017-07-14 13:46:08',NULL),(40,40,'CA-125','biochemistry',NULL,'2017-06-02 09:51:02','2017-07-14 13:46:20',NULL),(41,41,'Calcium ( C )','biochemistry',NULL,'2017-06-02 09:51:02','2017-07-14 13:46:37',NULL),(42,42,'C-ANCA','haematology',NULL,'2017-06-02 09:51:02','2017-07-14 13:46:48',NULL),(43,43,'CEA','biochemistry',NULL,'2017-06-02 09:51:02','2017-07-14 13:47:07',NULL),(44,44,'Chloride (CL)','biochemistry',NULL,'2017-06-02 09:51:02','2017-07-14 13:47:23',NULL),(45,45,'Cholesterol -Total','biochemistry',NULL,'2017-06-02 09:51:02','2017-07-12 14:48:52',NULL),(46,46,'Cholesterol -HDL','biochemistry',NULL,'2017-06-02 09:51:02','2017-07-12 14:49:25',NULL),(47,47,'Cholesterol-LDL','biochemistry',NULL,'2017-06-02 09:51:02','2017-07-12 14:49:39',NULL),(48,48,'Cholesterol-VLDL','biochemistry',NULL,'2017-06-02 09:51:02','2017-07-12 14:49:49',NULL),(49,49,'CT (Clotting Time)','haematology',NULL,'2017-06-02 09:51:02','2017-07-14 13:47:49',NULL),(50,50,'C3 (Complement-3)','haematology',NULL,'2017-06-02 09:51:02','2017-07-14 13:48:24',NULL),(51,51,'C4 (Complement-4)','haematology',NULL,'2017-06-02 09:51:02','2017-07-14 13:48:37',NULL),(52,52,'Complete Blood Count (CBC)','haematology',NULL,'2017-06-02 09:51:02','2017-07-11 09:04:52',NULL),(53,53,'C-Peptide','haematology',NULL,'2017-06-02 09:51:02','2017-07-14 13:48:49',NULL),(54,54,'CPK','biochemistry',NULL,'2017-06-02 09:51:02','2017-07-14 13:50:48',NULL),(55,55,'CPK-MB','biochemistry',NULL,'2017-06-02 09:51:02','2017-07-14 13:51:03',NULL),(56,56,'Creatinine ( C )','biochemistry',NULL,'2017-06-02 09:51:02','2017-07-12 15:31:16',NULL),(57,57,'Creatinine Clearance Test ( CCT)','haematology',NULL,'2017-06-02 09:51:02','2017-07-14 13:51:31',NULL),(58,58,'CRP Quantitative','immunology',NULL,'2017-06-02 09:51:02','2017-07-14 13:52:49',NULL),(59,59,'CRP Test','immunology',NULL,'2017-06-02 09:51:02','2017-07-12 15:54:54',NULL),(60,60,'CRP Titre','immunology',NULL,'2017-06-02 09:51:02','2017-07-12 15:55:09',NULL),(61,61,'CSF Culture & Sensitivity','examination',NULL,'2017-06-02 09:51:02','2017-07-14 13:52:16',NULL),(62,62,'Cardiolipin Antibody-IgM ( CA )','haematology',NULL,'2017-06-02 09:51:02','2017-07-14 13:53:23',NULL),(63,63,'Cardiolipin Antibody-Igg','haematology',NULL,'2017-06-02 09:51:02','2017-07-14 13:53:37',NULL),(64,64,'D-dimer','haematology',NULL,'2017-06-02 09:51:02','2017-07-14 13:54:50',NULL),(65,65,'Dengue Ab- (IgG and IgM)','haematology',NULL,'2017-06-02 09:51:02','2017-07-14 13:55:32',NULL),(66,66,'Differential Leucocyte Count (DLC)','haematology',NULL,'2017-06-02 09:51:02','2017-07-12 12:56:26',NULL),(67,67,'ds-DNA','immunology',NULL,'2017-06-02 09:51:02','2017-07-14 13:56:29',NULL),(68,68,'Erythrocyte sedimentation Rate (ESR)','haematology',NULL,'2017-06-02 09:51:02','2017-07-14 13:56:53',NULL),(69,69,'E2 (Estradiol)','haematology',NULL,'2017-06-02 09:51:02','2017-07-14 13:57:31',NULL),(70,70,'Ferritin','biochemistry',NULL,'2017-06-02 09:51:02','2017-07-14 13:57:46',NULL),(71,71,'FSH','immunology',NULL,'2017-06-02 09:51:02','2017-07-14 13:58:06',NULL),(72,72,'Fungal KOH Preparation','stain',NULL,'2017-06-02 09:51:02','2017-07-12 15:24:04',NULL),(73,73,'Gamma GT','biochemistry',NULL,'2017-06-02 09:51:02','2017-07-14 13:58:38',NULL),(74,74,'Globulin','haematology',NULL,'2017-06-02 09:51:02','2017-07-14 13:59:02',NULL),(75,75,'Blood Glucose Fasting','biochemistry',NULL,'2017-06-02 09:51:02','2017-07-12 14:53:33',NULL),(76,76,'Glucose GTT','biochemistry',NULL,'2017-06-02 09:51:02','2017-07-12 14:55:16',NULL),(77,77,'Blood Glucose PP','biochemistry',NULL,'2017-06-02 09:51:02','2017-07-12 14:55:33',NULL),(78,78,'Glucose Pre-dinner','biochemistry',NULL,'2017-06-02 09:51:02','2017-07-12 14:55:45',NULL),(79,79,'Blood Glucose Random','biochemistry',NULL,'2017-06-02 09:51:02','2017-07-12 14:54:25',NULL),(80,80,'Gram Stain','stain',NULL,'2017-06-02 09:51:02','2017-07-12 15:10:52',NULL),(81,81,'Growth Hormone','haematology',NULL,'2017-06-02 09:51:02','2017-07-14 13:59:46',NULL),(82,82,'Haemoglobin (Hb)','haematology',NULL,'2017-06-02 09:51:02','2017-07-11 07:40:52',NULL),(83,83,'HAV(IGG& IGM)','haematology',NULL,'2017-06-02 09:51:02','2017-07-14 14:00:05',NULL),(84,84,'HbA1C-Glycosylated Hb','biochemistry',NULL,'2017-06-02 09:51:02','2017-07-12 14:56:50',NULL),(85,85,'Helicobacter Pylori Ab','biochemistry',NULL,'2017-06-02 09:51:02','2017-07-14 14:00:30',NULL),(86,86,'HepatitisBSurface antigen (HBsAg)-Rapid Test','immunology',NULL,'2017-06-02 09:51:02','2017-07-12 15:46:03',NULL),(87,87,'Hepatitis B Surface antigen Confirmatory','immunology',NULL,'2017-06-02 09:51:02','2017-07-14 14:01:14',NULL),(88,88,'Hepatitis C antibody (Anti-HCV)','immunology',NULL,'2017-06-02 09:51:02','2017-07-12 15:47:01',NULL),(89,89,'HCV Elisa','immunology',NULL,'2017-06-02 09:51:02','2017-07-12 15:47:50',NULL),(90,90,'Hepatitis E IgM antibody (HEV IgM)','immunology',NULL,'2017-06-02 09:51:02','2017-07-12 15:49:40',NULL),(91,91,'HIV-I & II antibody (Rapid)','immunology',NULL,'2017-06-02 09:51:02','2017-07-12 15:45:28',NULL),(92,92,'HIV-I & II Elisa','immunology',NULL,'2017-06-02 09:51:02','2017-07-12 15:45:49',NULL),(93,93,'Herpex simplex Virus 1 IgG','haematology',NULL,'2017-06-02 09:51:02','2017-07-14 14:02:03',NULL),(94,94,'Herpex simplex Virus 1 IgM','haematology',NULL,'2017-06-02 09:51:02','2017-07-14 14:02:15',NULL),(95,95,'Herpex simplex Virus 2 IgG','haematology',NULL,'2017-06-02 09:51:02','2017-07-14 14:02:26',NULL),(96,96,'Herpex simplex Virus 2 IgM','haematology',NULL,'2017-06-02 09:51:02','2017-07-14 14:02:46',NULL),(97,97,'Iron','biochemistry',NULL,'2017-06-02 09:51:02','2017-07-14 14:03:12',NULL),(98,98,'Iron Profile','biochemistry',NULL,'2017-06-02 09:51:02','2017-07-14 14:03:25',NULL),(99,99,'Ketone bodies','haematology',NULL,'2017-06-02 09:51:02','2017-07-14 14:05:08',NULL),(100,100,'Renal Function Test','biochemistry',NULL,'2017-06-02 09:51:02','2017-07-12 13:45:21',NULL),(101,101,'LDH','haematology',NULL,'2017-06-02 09:51:02','2017-07-14 14:05:23',NULL),(102,102,'Leishmania antibody ( K- 39 )IgG &IgM','immunology',NULL,'2017-06-02 09:51:02','2017-07-14 14:05:45',NULL),(103,103,'Leptospira Ab(IgG/IgM)','haematology',NULL,'2017-06-02 09:51:02','2017-07-14 14:06:13',NULL),(104,104,'Leucocyte count (TLC)','haematology',NULL,'2017-06-02 09:51:02','2017-07-14 14:06:38',NULL),(105,105,'LH','immunology',NULL,'2017-06-02 09:51:02','2017-07-14 14:06:52',NULL),(106,106,'Lipase','biochemistry',NULL,'2017-06-02 09:51:02','2017-07-14 14:07:09',NULL),(107,107,'Lipid Profile','biochemistry',NULL,'2017-06-02 09:51:02','2017-07-14 14:07:36',NULL),(108,108,'Liver Function Test ( LFT)','biochemistry',NULL,'2017-06-02 09:51:02','2017-07-12 15:05:36',NULL),(109,109,'Magnesium','biochemistry',NULL,'2017-06-02 09:51:02','2017-07-14 14:07:55',NULL),(110,110,'Mantoux Test ( Tuberculin Skin test)','immunology',NULL,'2017-06-02 09:51:02','2017-07-12 15:24:54',NULL),(111,111,'Mean Corpuscular Haemoglobin (MCH)','haematology',NULL,'2017-06-02 09:51:02','2017-07-12 12:57:56',NULL),(112,112,'Mean Corpuscular Haemoglobin Concentration(MCHC)','haematology',NULL,'2017-06-02 09:51:02','2017-07-12 12:58:09',NULL),(113,113,'Mean Corpuscular Volume ( MCV )','haematology',NULL,'2017-06-02 09:51:02','2017-07-12 12:57:42',NULL),(114,114,'Microalbumin','',NULL,'2017-06-02 09:51:02','2017-06-02 09:51:02',NULL),(115,115,'Occult Blood','examination',NULL,'2017-06-02 09:51:02','2017-07-14 14:08:43',NULL),(116,116,'Packed Cell Volume (PCV/HCT)','haematology',NULL,'2017-06-02 09:51:02','2017-07-12 12:57:17',NULL),(117,117,'Peripheral Blood Smear (PBS)','biochemistry',NULL,'2017-06-02 09:51:02','2017-07-14 14:10:10',NULL),(118,118,'Phosphorus','biochemistry',NULL,'2017-06-02 09:51:02','2017-07-14 14:10:21',NULL),(119,119,'Platelets Count','haematology',NULL,'2017-06-02 09:51:02','2017-07-12 12:56:38',NULL),(120,120,'Potassium','biochemistry',NULL,'2017-06-02 09:51:02','2017-07-12 14:44:00',NULL),(121,121,'Pregnancy Test (Detection of ? HCG)','microbiology',NULL,'2017-06-02 09:51:02','2017-07-14 14:10:51',NULL),(122,122,'Prolactin','biochemistry',NULL,'2017-06-02 09:51:02','2017-07-14 14:11:07',NULL),(123,123,'Total Protein','haematology',NULL,'2017-06-02 09:51:02','2017-07-12 13:15:39',NULL),(124,124,'Protein-Creat ratio','haematology',NULL,'2017-06-02 09:51:02','2017-07-14 14:11:44',NULL),(125,125,'Prothrombin Time ( PT/INR)','haematology',NULL,'2017-06-02 09:51:02','2017-07-14 14:12:09',NULL),(126,126,'PSA (Total)','biochemistry',NULL,'2017-06-02 09:51:02','2017-07-14 14:24:36',NULL),(127,127,'PTH','haematology',NULL,'2017-06-02 09:51:02','2017-07-14 14:13:00',NULL),(128,128,'Pus Culture & sensitivity','microbiology',NULL,'2017-06-02 09:51:02','2017-07-14 14:13:14',NULL),(129,129,'Ra Factor Quantitative','immunology',NULL,'2017-06-02 09:51:02','2017-07-12 15:54:29',NULL),(130,130,'Ra Factor Test','immunology',NULL,'2017-06-02 09:51:02','2017-07-12 15:53:52',NULL),(131,131,'Red Blood cell count ( RBC )','haematology',NULL,'2017-06-02 09:51:02','2017-07-12 12:56:53',NULL),(132,132,'Reducing substance(Sugar) ( RS )','',NULL,'2017-06-02 09:51:02','2017-07-12 15:33:24',NULL),(134,134,'Reticulocyte count','haematology',NULL,'2017-06-02 09:51:02','2017-07-14 14:14:42',NULL),(135,135,'RPR(VDRL) Test','immunology',NULL,'2017-06-02 09:51:02','2017-07-12 15:46:37',NULL),(136,136,'Rubella IgG Ab','haematology',NULL,'2017-06-02 09:51:02','2017-07-14 14:15:32',NULL),(137,137,'Rubella IgM Ab','haematology',NULL,'2017-06-02 09:51:02','2017-07-14 14:15:56',NULL),(138,138,'Salmonella aggutination test (WIDAL)','widal',NULL,'2017-06-02 09:51:02','2017-07-26 16:10:39',NULL),(139,139,'Semen Analysis','examination',NULL,'2017-06-02 09:51:02','2017-07-12 14:43:27',NULL),(140,140,'Semen Culture & Sensitivity','microbiology',NULL,'2017-06-02 09:51:02','2017-07-14 14:16:29',NULL),(141,141,'SGOT (AST)','biochemistry',NULL,'2017-06-02 09:51:02','2017-07-12 14:48:01',NULL),(142,142,'SGPT (ALT)','biochemistry',NULL,'2017-06-02 09:51:02','2017-07-12 14:47:29',NULL),(143,143,'Sodium','biochemistry',NULL,'2017-06-02 09:51:02','2017-07-12 14:41:42',NULL),(144,144,'Stool Culture & Sensitivity','microbiology',NULL,'2017-06-02 09:51:02','2017-07-14 14:17:22',NULL),(145,145,'Stool Routine Examination','examination',NULL,'2017-06-02 09:51:02','2017-07-12 14:07:06',NULL),(146,146,'Swab Culture & Sensitivity(Aerobic)','microbiology',NULL,'2017-06-02 09:51:02','2017-07-14 14:17:52',NULL),(147,147,'Testosterone (Total)','haematology',NULL,'2017-06-02 09:51:02','2017-07-14 14:18:07',NULL),(148,148,'T3 Free','immunology',NULL,'2017-06-02 09:51:02','2017-07-14 14:18:30',NULL),(149,149,'T4 Free','immunology',NULL,'2017-06-02 09:51:02','2017-07-14 14:18:56',NULL),(150,150,'TSH','immunology',NULL,'2017-06-02 09:51:02','2017-07-14 14:19:14',NULL),(151,151,'Thyroid Function Test (TFT)-Free','immunology',NULL,'2017-06-02 09:51:02','2017-07-12 15:27:25',NULL),(152,152,'TORCH IgG Ab','',NULL,'2017-06-02 09:51:02','2017-06-02 09:51:02',NULL),(153,153,'TORCH IgM Ab','',NULL,'2017-06-02 09:51:02','2017-06-02 09:51:02',NULL),(154,154,'TORCH Profile','',NULL,'2017-06-02 09:51:02','2017-06-02 09:51:02',NULL),(155,155,'Toxoplasma IgG Ab','',NULL,'2017-06-02 09:51:02','2017-06-02 09:51:02',NULL),(156,156,'Toxoplasma IgM Ab','',NULL,'2017-06-02 09:51:02','2017-06-02 09:51:02',NULL),(157,157,'TPHA Test','immunology',NULL,'2017-06-02 09:51:02','2017-07-12 15:56:01',NULL),(158,158,'TPHA Titre','',NULL,'2017-06-02 09:51:02','2017-06-02 09:51:02',NULL),(159,159,'TPO-Ab','',NULL,'2017-06-02 09:51:02','2017-06-02 09:51:02',NULL),(160,160,'Troponin - I','',NULL,'2017-06-02 09:51:02','2017-06-02 09:51:02',NULL),(162,162,'Urea','biochemistry',NULL,'2017-06-02 09:51:02','2017-07-12 14:40:05',NULL),(163,163,'Uric Acid','biochemistry',NULL,'2017-06-02 09:51:02','2017-07-12 14:44:12',NULL),(164,164,'Urine Routine Examination','examination',NULL,'2017-06-02 09:51:02','2017-07-12 13:58:02',NULL),(165,165,'Urine Culture & Sensitivity','microbiology',NULL,'2017-06-02 09:51:02','2017-07-14 14:20:54',NULL),(166,166,'Urobilinogen','haematology',NULL,'2017-06-02 09:51:02','2017-07-14 14:23:31',NULL),(167,167,'Vitamin B-12','haematology',NULL,'2017-06-02 09:51:02','2017-07-14 14:21:42',NULL),(168,168,'Vitamin D-3 (OH)','haematology',NULL,'2017-06-02 09:51:02','2017-07-14 14:21:56',NULL),(170,171,'Antibiotic','',NULL,'2017-06-02 09:51:02','2017-06-02 05:46:44',NULL),(171,172,'Blood Sugar Random','biochemistry',NULL,'2017-06-04 16:13:22','2017-07-12 11:56:33',NULL),(172,130,'Ra Factor(RF)','',NULL,'2017-06-04 17:25:10','2017-06-04 17:25:10',NULL),(173,174,'White Blood Cell Count (WBC)','haematology',NULL,'2017-07-12 12:56:04','2017-07-12 12:56:04',NULL),(174,175,'HCT','haematology',NULL,'2017-07-12 13:39:07','2017-07-12 13:39:07',NULL),(175,32,'Bilirubin (Total )','biochemistry',NULL,'2017-07-12 14:46:42','2017-07-12 14:46:42',NULL),(176,176,'Bilirubin (Direct)','biochemistry',NULL,'2017-07-12 14:47:13','2017-07-12 14:47:13',NULL),(177,177,'Triglyceride','biochemistry',NULL,'2017-07-12 14:49:12','2017-07-12 14:49:12',NULL),(178,107,'Lipid Profile Test','biochemistry',NULL,'2017-07-12 15:07:44','2017-07-12 15:07:44',NULL),(179,180,'Hepatitis A IgM antibody (HEV IgM)','immunology',NULL,'2017-07-12 15:52:57','2017-07-12 15:52:57',NULL),(180,56,'Creatinine','haematology',NULL,'2017-07-14 13:06:12','2017-07-14 13:06:12',NULL),(181,173,'Thyroid Function Test (50%)','immunology',NULL,'2017-07-14 14:23:05','2017-07-14 14:23:05',NULL),(182,181,'PSA (quantitative)','biochemistry',NULL,'2017-07-14 14:24:27','2017-07-14 14:24:27',NULL);
/*!40000 ALTER TABLE `tests` ENABLE KEYS */;
UNLOCK TABLES;

--
-- Table structure for table `users`
--

DROP TABLE IF EXISTS `users`;
/*!40101 SET @saved_cs_client     = @@character_set_client */;
/*!40101 SET character_set_client = utf8 */;
CREATE TABLE `users` (
  `id` int(10) unsigned NOT NULL AUTO_INCREMENT,
  `name` varchar(191) COLLATE utf8mb4_unicode_ci NOT NULL,
  `email` varchar(191) COLLATE utf8mb4_unicode_ci NOT NULL,
  `password` varchar(191) COLLATE utf8mb4_unicode_ci NOT NULL,
  `role_id` int(11) NOT NULL,
  `remember_token` varchar(100) COLLATE utf8mb4_unicode_ci DEFAULT NULL,
  `created_at` timestamp NULL DEFAULT NULL,
  `updated_at` timestamp NULL DEFAULT NULL,
  `deleted_at` timestamp NULL DEFAULT NULL,
  PRIMARY KEY (`id`),
  UNIQUE KEY `users_email_unique` (`email`)
) ENGINE=InnoDB AUTO_INCREMENT=3 DEFAULT CHARSET=utf8mb4 COLLATE=utf8mb4_unicode_ci;
/*!40101 SET character_set_client = @saved_cs_client */;

--
-- Dumping data for table `users`
--

LOCK TABLES `users` WRITE;
/*!40000 ALTER TABLE `users` DISABLE KEYS */;
INSERT INTO `users` VALUES (1,'Superadmin','admin@admin.com','$2y$10$/1UZ2XHMAD8KznK7B80mTe/.UP.rba9Cta0bXWKuQebFjTGSddbhm',1,'2PsKzAKunySfW0dpRHdhSOK9q9GXym3YTyz901Xs4zG96nhW9478r4VE6qgz','2017-07-11 03:27:25','2017-07-23 23:52:46',NULL),(2,'User','user@user.com','$2y$10$XuwWv0DZmGDQ0Do14vffSu1iROgkAgAYnabfZLhNVUHfhSzYfEcwi',2,'xnjdI35WL2S5Ki63FWyg4sgloQItroGVkeLoIL5vqA4qkxh7tanpLTwPGb8J','2017-07-15 12:26:11','2017-07-24 01:00:09',NULL);
/*!40000 ALTER TABLE `users` ENABLE KEYS */;
UNLOCK TABLES;
/*!40103 SET TIME_ZONE=@OLD_TIME_ZONE */;

/*!40101 SET SQL_MODE=@OLD_SQL_MODE */;
/*!40014 SET FOREIGN_KEY_CHECKS=@OLD_FOREIGN_KEY_CHECKS */;
/*!40014 SET UNIQUE_CHECKS=@OLD_UNIQUE_CHECKS */;
/*!40101 SET CHARACTER_SET_CLIENT=@OLD_CHARACTER_SET_CLIENT */;
/*!40101 SET CHARACTER_SET_RESULTS=@OLD_CHARACTER_SET_RESULTS */;
/*!40101 SET COLLATION_CONNECTION=@OLD_COLLATION_CONNECTION */;
/*!40111 SET SQL_NOTES=@OLD_SQL_NOTES */;

-- Dump completed on 2017-07-29 14:45:31
